ID,Track,Program,Project Name,Description,Sector,Location,Lead Organisation,Financial Instrument,Funding Source (raw),Partners,Capital (AUD m),Start Year,End Year,Phase,Status,Funding Outcome,Hazard (recorded),Hazard Group,Hazard Source,Duplicate Status,Duplicate Of,Notes
E01,Existing / Committed,,Water Storage Tank Upgrade,"Expanding Storage Capacity. Rehab 3 million L water storage tank and 2 x 300,000 L water treatment tanks for B-13 site - materials on island - need a new contractor",Water & Sanitation,Aiwo,NUC-W,Grant,TBD,,350,2025,,,Planned,Seeking funding,Drought,Drought & water security,Recorded in source,Possible overlap - review,Upgrade Meneng (B13) Water Storage Tank,DATA QUALITY: recorded as $350m but describes a 3 million litre tank rehab - the scale is suspect (possibly $0.35m). Verify against source.
E02,Existing / Committed,,Fisheries Infrastructure (AIWO Boat Ramp Rehab),,Coastal & Marine,,,,,,,,,,,Unspecified,,Coastal erosion & sea-level rise,Auto-tagged (sector/keywords),,,
E03,Existing / Committed,Coastal Protection Program,Coastal Protection Program (CPP),"Multi-year program of constructing & renewing coastal sea defenses (sea-walls, revetments) around Nauru",Coastal & Marine,Nationwide,Department of Infrastructure Development (DoID),Grant (proposed),TBD,,2,2025,,,Planned,Seeking funding,Sea-level Rise/Coastal Erosion,Coastal erosion & sea-level rise,Recorded in source,,,
E04,Existing / Committed,,Renewal of Seawalls – Aiwo Harbor (Hotel) Section,Reconstruct 100 m of failing sea-wall near Aiwo harbour,Coastal & Marine,,Department of Infrastructure Development (DoID),,,,,2025,,,,Unspecified,,Coastal erosion & sea-level rise,Auto-tagged (sector/keywords),,,
E05,Existing / Committed,,Renewal of Seawalls – North of New Port (82 m),Reconstruct 82m of seawall to prevent coastal erosion,Governance & Finance,,Department of Infrastructure Development (DoID),,,,,2025,,,,Unspecified,,Enabling & capacity (cross-hazard),Auto-tagged (sector/keywords),,,
E06,Existing / Committed,,Renewal of Seawalls – North from New Port (386 m),Reconstruct 386 of seawall for costline stabilisation,Governance & Finance,,Department of Infrastructure Development (DoID),,,,2.4,2025,,,,Unspecified,,Enabling & capacity (cross-hazard),Auto-tagged (sector/keywords),,,
E07,Existing / Committed,,Renewal of Seawalls – Menen Hotel (414 m),Reconstruct 144m of seawall to protect facilities and coastal road,Governance & Finance,,Department of Infrastructure Development (DoID),,,,2.4,2025,,,,Unspecified,,Enabling & capacity (cross-hazard),Auto-tagged (sector/keywords),,,
E08,Existing / Committed,,New Seawalls – Anetan Locations,Construct new seawall segments,Coastal & Marine,,Department of Infrastructure Development (DoID),,,,,2025,,,,Unspecified,,Coastal erosion & sea-level rise,Auto-tagged (sector/keywords),,,
E09,Existing / Committed,,New Seawalls – Anibare Locations,Construct new seawall segments,Coastal & Marine,,Department of Infrastructure Development (DoID),,,,,2025,,,,Unspecified,,Coastal erosion & sea-level rise,Auto-tagged (sector/keywords),,,
E10,Existing / Committed,,Repairs to Existing Seawalls (Riprap),Reinforce/repair deteriorating rock revetments,Coastal & Marine,,Department of Infrastructure Development (DoID),,,,,,,,,Unspecified,,Coastal erosion & sea-level rise,Auto-tagged (sector/keywords),,,
E11,Existing / Committed,,Upgrade Meneng (B13) Water Storage Tank,Increase capacity to improve island reserves,Water & Sanitation,Meneng District,Nauru Utilities Corporation (NUC - Water),Grant/Loan (Planned),TBD,,42,,,,Pipeline,Seeking funding,Drought,Drought & water security,Recorded in source,Possible overlap - review,Water Storage Tank Upgrade,
E12,Existing / Committed,,Water Supply Pipeline (Topside Relocation / Higher Ground),Install robust network of water supply pipelines to Topside for HGI,Water & Sanitation,"Topside Plateau, Central Nauru",Nauru Utilities Corporation (NUC - Water),Grant/Loan (Planned),NSRUDP,,26.2,,,,Pipeline,Seeking funding,Drought,Drought & water security,Recorded in source,Possible overlap - review,RONAdapt II program: Nauru Higher Ground Initiative for Enhanced Climate Resilience,
E13,Existing / Committed,,Model impacts of sea level rise and saltwater intrusion into groundwater (2030),Technical and financial support,Water & Sanitation,Nauru,,Technical Assistance,,,,2026,,,Proposed,Seeking funding,"Water insecurity, drought",Drought & water security,Recorded in source,,,
E14,Existing / Committed,Resilient Coastal Fisheries and Aquaculture in Nauru,Develop Milkfish farming in support of the development and expansion of aquaculture,NFMRA is working to identify possible new partners to provide the necessary technical and financial assistance. The efforts will be aided by the Resilient Coastal Fisheries and Aquaculture in Nauru Project,Agriculture & Food,, ,Grant,Adaptation Fund,,8,2026,,,Proposed,Seeking funding,Food insecurity,Food insecurity,Recorded in source,,,
E15,Existing / Committed,,Nauru Climate Resilient Port Development (Aiwo),"Design & Construction of a new, climate-resilient deep-water port facility, replacing inefficient mooring systems",Coastal & Marine,Aiwo,Nauru Maritime & Port Authority,Grant & Loan,Green Climate Fund; ADB,,74.2,2024,,,Near completion,Funded,Coastal/Flooding/Storm Surge,Coastal erosion & sea-level rise,Recorded in source,,,
E16,Existing / Committed,,Higher Ground Initiative (HGI),Multi-phase relocation program: develop new urban area (“Topside”) to relocate population/infrastructure from climate-vulnerable coastal zones,Housing & Community,"Topside Plateau, Central Nauru",Department of Climate Change & Natural Resilience (DCCNR),Multi-donor Grants (planned),GCF; International Partners (seeking),,300,,,,Planned,Seeking funding,Sea-level Rise/Coastal Flooding,General climate resilience,Recorded in source,Confirmed overlap - excluded from adjusted totals,RONAdapt II program: Nauru Higher Ground Initiative for Enhanced Climate Resilience,"NDC placeholder commitment ($300m, source marked ""**""). The same initiative is costed in detail in the RONAdapt II pipeline, so this row is netted out of the adjusted combined total to avoid double counting."
E17,Existing / Committed,,Smart Village Pilot (Topside),Construct pilot climate-resilient housing units on rehabilitated Topside plateau to jumpstart HGI relocation,Housing & Community,"Topside Plateau, Central Nauru",Department of Infrastructure Development (DoID),Grant (proposed),Seeking donors,,25.0,,,,Proposed,Seeking funding,Sea-level Rise/Coastal Flooding,General climate resilience,Recorded in source,,,
E18,Existing / Committed,,Nauru Sustainable & Resilient Urban Development (NSRUDP),"Integrated urban development program for Nauru (water, sanitation, waste, drainage, etc.), aligned with HGI and NIISP priorities. ",Housing & Community,Nationwide,Department of Infrastructure Development (DoID),Grant & Loan (planned),ADB (proposed),,80,,,,Pipeline,Seeking funding,Sea-level Rise/Drought,General climate resilience,Recorded in source,,,
E19,Existing / Committed,,Meneng (Menen) Farm Extension,"Expansion of Meneng agricultural farm area, including land rehabilitation and irrigation to boost local food production",Agriculture & Food,Meneng District,DEMA,Loan (proposed),TBD,,2,2025,,,Planned,Seeking funding,Food Insecurity/Drought,Food insecurity,Recorded in source,,,
E20,Existing / Committed,,Nauru Topside Land Rehabilitation (Initial),Pilot efforts to rehabilitate small sections of phosphate-mined Topside land for agriculture & settlement,Housing & Community,"Topside Plateau, Central Nauru",Nauru Rehab Corporation (NRC),Grant (SIDS regional),SPC; Govt of Nauru,,0.35,2023,,,Ongoing,Funded,Land Degradation,General climate resilience,Recorded in source,,,
E21,Existing / Committed,Nauru Sustainable Urban Development Program,Nauru Sustainable Urban Development Program,"Implement improvements in water supply, sanitation and solid waste management from Master Plan",Housing & Community,,DCCNR,,,,60.1563,2025,,,Appraising,Seeking funding,,General climate resilience,Auto-tagged (sector/keywords),,,
E22,Existing / Committed,Nauru Sustainable Urban Development Program,NSUDP: Water Supply Pipeline,Reticulation and Reservoirs for households,Governance & Finance,,NUC-W,,,,37.4,2025,,,Appraising,Seeking funding,,Enabling & capacity (cross-hazard),Auto-tagged (sector/keywords),,,
E23,Existing / Committed,Nauru Sustainable Urban Development Program,NSUDP: Sanitation Upgrade,System for treatment of sludge from septic tanks to produce nitrogen rich compost for land reclamation,Water & Sanitation,,NUC-W,,,,28.0,2025,,,Appraising,Seeking funding,,Drought & water security,Auto-tagged (sector/keywords),Possible overlap - review,Nauru Sustainable Urban Development Program,Named as a component of the Nauru Sustainable Urban Development Program - check whether its capital is already included in that program's own figure before summing both.
E24,Existing / Committed,,Resilient Coastal Fisheries & Aquaculture,Program to strengthen artisinal fisheries & promote aquaculure,Agriculture & Food,Nationwide,NFMRA/Ministry of Fisheries,Grant,Adaptation Fund,,0.8,2023,,,Approved,Seeking funding,Marine/Ecosystem Change,Food insecurity,Recorded in source,,,
E25,Existing / Committed,,Sanitation Upgrade (Topside),Deploy modern sewage collection & treatment systems for new Topside community under HGI,Water & Sanitation,"Topside Plateau, Central Nauru",Department of Infrastructure Development (DoID),Grant/Loan (Planned),NSRUDP,,19.6,,,,Pipeline,Seeking funding,Public Health/Water Quality,Drought & water security,Recorded in source,,,
E26,Existing / Committed,,Micronesian Games,Comprehensive infrastructure upgrades for hosting regional Micronesian Games 2026: new sports facilities & support services [PRIF_Nauru..._final_web | PDF],Housing & Community,Yaren District,Department of Sports,Grant,Pacific Games; Govt of Nauru,,27.200000000000003,,,,Pipeline,Seeking funding,NA,General climate resilience,Recorded in source,,,
E27,Existing / Committed,,Boe Low-Income Settlement (Renal Dialysis Unit),Construct a new building for renal dialysis services,Health,Boe District,Department of Health,Public Capital Expenditure,Nauru Govt Budget,,1.4,,,,Pipeline,Seeking funding,Health Crisis,Climate-health risks,Recorded in source,,,
E28,Existing / Committed,,RON Hospital Redevelopment (Phased),Major redevelopment & expansion of Republic of Nauru (RON) Hospital facilities of modern healthcare,Health,Yaren District,Department of Health,Grant/Loan (Proposed),Grant/Loan (Proposed),,93,,,,Pipeline,Seeking funding,Health Crisis,Climate-health risks,Recorded in source,,,
E29,Existing / Committed,,Redevelopment of Naoero Public Health Centre,Reconstruct and modernise the Naoero Public Health Centre to expand outpatient and preventive health services,Health,Aiwo,Department of Health,Grant/Loan (Planned),TBD,,53,,,,Pipeline,Seeking funding,Health Crisis,Climate-health risks,Recorded in source,,,
E30,Existing / Committed,,Assess the condition of groundwater supplies (2030),Technical and financial support,Water & Sanitation,Nauru,,Technical Assistance,,,,2026,,,Proposed,Seeking funding,"Water insecurity, drought",Drought & water security,Recorded in source,,,
E31,Existing / Committed,SMARTEN,Install Electric Reverse Osmosis Unit,,Water & Sanitation,,,,,,,2026,,,,Unspecified,"Water insecurity, drought",Drought & water security,Recorded in source,,,
E32,Existing / Committed,,Maintain ongoing agriculture technical trials,"The Govt. has undertaken programmes in agriculture and fisheries/aquaculture to trial methods to develop domestic food production, but they require further development and support. There have been a number of small-scale and trial projects - vegetable farm, piggery, seedling distribution, kitchen gardens and public education initiatives. ",Agriculture & Food,,,,,,,2026,,,,Unspecified,Food insecurity,Food insecurity,Recorded in source,,,
E33,Existing / Committed,,Green Harvest Initiative,"Proposal to establish a climate-resilient large-scale fruit tree farming system that not only ensures year-round, affordable, and accessible fruit productions for all Nauruans, but also restores the environment and creates lasting benefits for future generations through the enhancement of food security, biodiversity, soil health and ecological balance.",Agriculture & Food,,Department of Environmental Management and Agriculture (DEMA),Grant,,,0.769,2026,,,Proposed,Seeking funding,Food insecurity,Food insecurity,Recorded in source,,,
E34,Existing / Committed,,Transforming Nauru's Food Systems through Climate Smart Agriculture Proejct,"Will introduce agriculture techniques that are nature-positive, resilient, and sustainable. ",Agriculture & Food,,,Grant,"UNDP, GEF",,8,2026,,,Proposed,Seeking funding,,Food insecurity,Auto-tagged (sector/keywords),,,
E35,Existing / Committed,,Establish Terrestial Protected Area in Anhibare Bya,"Sustainable land management, including designation of 59 ha if the Key Bio Diversity Area Anibare Bay",Environment & Biodiversity,,,Grant,GEF,,3.5,2026,,,Funded,Funded,,Land & marine environment,Auto-tagged (sector/keywords),,,
E36,Existing / Committed,,East Micronesia Cable Project (EMCP),Installation of international subsea fiber optic cable for high-speed internet connectivity,Coastal & Marine,Nationwide,CenPac,Public-Private/Grant (Convenant),ADB; PPP partners,,15.1,2020,2020,,Completed,Funded,Remote Isolation (Communication),Coastal erosion & sea-level rise,Recorded in source,,,
E37,Existing / Committed,,New Primary Fuel Tank Farm,Construction of an expanded fuel storage facility to secure energy supply,Energy,Aiwo,Nauru Utilities Corporation (NUC – Energy),Loan (planned),TBD,,10.0,,,,,Unspecified,Fuel Disruption,Energy & fuel security,Recorded in source,,,
E38,Existing / Committed,,Relocate High Speed Gensets to Bauda Junction Station,Move critical diesel generators to new station for improved power distribution,Energy,Buada,Nauru Utilities Corporation (NUC – Energy),Corporate Capital Expenditure,NUC,,0.53,2019,2019,,Completed,Funded,NA,Energy & fuel security,Recorded in source,,,
E39,Existing / Committed,,Install New 3 MW Ruston Diesel Generator,Acquisition & commissioning of an additional diesel power generator,Energy,Aiwo,Nauru Utilities Corporation (NUC – Energy),Grant; Govt. Co-funding,ADB/EU; Nauru govt,,5.6,2021,2021,,Completed,Funded,NA,Energy & fuel security,Recorded in source,,,
E40,Existing / Committed,,6 MW Solar Photovoltaic (PV) + 5 MW Battery Storage,Utility-scale solar farm (6.5 MW) with battery backup to increase renewable generation,Energy,Aiwo,Nauru Utilities Corporation (NUC – Energy),Grant (Capital Investment),EU/ADB/Funded via PRIF,,23.4,2024,,,Ongoing,Funded,Extreme Climate/Fuel Price,Energy & fuel security,Recorded in source,,,
E41,Existing / Committed,,SCADA / PLC Upgrade (Stage 1–3),Install supervisory control & data acquisition (SCADA) systems for power grid control [nauru-data.sprep.org],Energy,Nationwide,Nauru Utilities Corporation (NUC – Energy),Corporate Capital Expenditure,NUC,,0.11,2017,,,Ongoing,Funded,NA,Energy & fuel security,Recorded in source,,,
E42,Existing / Committed,,C&D Waste Resource Recovery Facility (Inorganic),Build facility to process & recycle construction and demolition waste for reuse (minimizing landfill) ,Environment & Biodiversity,Aiwo,Department of Commerce & Environment (CIE),Grant (planned),Adaptation Fund,,1.4,,,,,Unspecified,Land Pollution,Land & marine environment,Recorded in source,,,
E43,Existing / Committed,,Organic Waste Composting Facility,Build a facility to convert organic waste into compost for soil improvement & waste reduction ,Environment & Biodiversity,Aiwo,Department of Commerce & Environment (CIE),Grant (planned),Adaptation Fund,,1.05,,,,Pipeline,Seeking funding,Land Pollution,Land & marine environment,Recorded in source,,,
E44,Existing / Committed,,RPC Phase 2 Power Grid Extension,Extend the power grid to former Regional Processing Centre (RPC 2),Energy,Meneng District,Nauru Utilities Corporation (NUC - Energy),Public Capital Expenditure,Nauru Govt Budget,,0.63,,,,Pipeline,Seeking funding,NA,Energy & fuel security,Recorded in source,,,
E45,Existing / Committed,,Develop Electric Mobility Roadmap,"When fully implemented, the roadmap actions can reduce fuel consumption and CO2 emissions in the road transport sector by 26.4% and 20.7% respectively. It includes an electric busnetwork, e-bike sharing servcies, and electric scooter share system.",Coastal & Marine,,,,,,12.4,2026,,,Proposed,Seeking funding,Mitigation,Coastal erosion & sea-level rise,Recorded in source,,,
E46,Existing / Committed,,Mooring Equipment (New Port Moorings),Installation of new mooring system to secure ships at port,Coastal & Marine,Aiwo,Department of Transport,Public Capital Expenditure,Public Capital Expenditure,,5,2017,2017,,Completed,Funded,Coastal/Storm/Wave,Coastal erosion & sea-level rise,Recorded in source,,,
E47,Existing / Committed,Capital Repairs to Sealed Road Program,Capital Repairs to Sealed Road Program (SRRP),Resealing and Repairs to Existing Roads,Housing & Community,,Department of Infrastructure Development (DoID),Public Capital Expenditure,Nauru Govt Budget,,14,2025,,,Planned,Seeking funding,Flooding,General climate resilience,Recorded in source,,,
E48,Existing / Committed,,Police Training College Upgrade,Upgrade Facilities at Nauru's Police Training College for improved law enforcement capacity,Disaster Risk Reduction,Yaren District,Nauru Police Force ,Grant,Australia (DFAT); Nauru Government,,0.35,2023,2023,,Completed,Funded,NA,Multi-hazard preparedness,Recorded in source,,,
E49,Existing / Committed,,Replacement Fire Trucks (2 units),Acquire 2 modern fire engines to upgrade emergency response capabilities,Disaster Risk Reduction,Nationwide,Department of Emergency Services,Public Capital Expenditure,Nauru Govt Budget,,1.4,,,,Pipeline,Seeking funding,Fire,Multi-hazard preparedness,Recorded in source,,,
E50,Existing / Committed,,Adapting tuna-dependent Pacific Island communities and economies to climate change,,Agriculture & Food,Multi-country,,Grant,TBD,,157,2026,,,Under implementation,Funded,,Food insecurity,Auto-tagged (sector/keywords),,,
E51,Existing / Committed,Sustainable and Climate-Resilient Connectivity Project,Sustainable and Climate Resilient Connectivity for Nauru,"Constructing a climate-resilient, year-round port for Nauru, preserving the vital sea-link for its 11,300 population deep in the Pacific.",Coastal & Marine,Nauru,"ADB, GCF",Grant,GCF; Cofinancing (ADB),,65.2,2026,,,Under implementation,Funded,,Coastal erosion & sea-level rise,Auto-tagged (sector/keywords),,,
E52,Existing / Committed,,Pacific Islands Renewable Energy Investment Program,Helping free SIDS from their diesel dependence.,Energy,Multi-country,,Grant,Grant,,29.2,2026,,,Under implementation,Funded,,Energy & fuel security,Auto-tagged (sector/keywords),,,
E53,Existing / Committed,,Improving Fiscal Sustainability Program,,Governance & Finance,Nauru,Department of Finance,Aid in-kind,ADB,,1.606,2025,,,Funded,Funded,,Enabling & capacity (cross-hazard),Auto-tagged (sector/keywords),,,
E54,Existing / Committed,,Nauru Sustainable Resilience Urban Development Project (NSRDUP),"The Nauru Sustainable Urban Development Project (NSUDP) is designed to improve Nauru's water 
supply, sanitation, and solid waste management systems. Approved in November 2024, the initiative 
carries a total funding of USD 37.5 m and is supported by the Project Readiness Financing (PRF) fund of 
USD 5 m, initiated in August 2021 during the project's design phase.
In FY 2025-26, the project will transition into the next phase, which includes hiring a Contract 
Supervising Consultant (CSC) and initiating a tender process to select a contractor for civil construction 
works under the USD 37.5 m urban development initiative. For this fiscal year, ADB anticipates 
disbursing USD 1.2 m in in-kind assistance through the PRF to support the existing project management 
team overseeing the design phase. Additionally, approximately USD 370,000 will be disbursed for initial 
implementation activities. Once contracts are finalized for the CSC and civil works contractor, 
disbursement levels for the NSUDP are projected to increase significantly.",Housing & Community,Nauru,DCCNR,Aid in-kind,ADB,,0.593,2025,,,Funded,Funded,,General climate resilience,Auto-tagged (sector/keywords),,,
E55,Existing / Committed,,Nauru Sustainable Resilience Urban Development Project (NSRDUP) – Project Readiness Financing (PRF),"Additionally, ADB will allocate an estimated USD 1 m (AUD 1.6 m) for technical assistance aimed at supporting the Improving Fiscal Sustainability Program. This initiative focuses on strengthening state_x0002_owned enterprises (SOEs), enhancing social protection frameworks, promoting gender equality, and advancing efforts within the climate change sector",Housing & Community,Nauru,DCCNR,Aid in-kind,ADB,,1.957,2025,,,Funded,Funded,,General climate resilience,Auto-tagged (sector/keywords),,,
E56,Existing / Committed,,Sustainable and Climate Resilient Connectivity Project,"The Sustainable and Climate Resilient Connectivity Project, also known as the Port Project, was 
approved by ADB in August 2018 with a budget of USD 62.28 m (AUD 91.56 m), including co-financing 
from the Australian Government and the Green Climate Fund. In 2022, ADB provided additional funding 
of USD 15 m (AUD 23 m) to cover the temporary accommodation expenses associated with the
relocation program for the Port Project.
For the fiscal year 2025-26, the remaining major works for this project include the installation of 
permanent protective measures for the Northern Container Yard revetment using specially designed 
rock bags, as well as achieving the target depth of the wharf basin. An estimated USD 8.4 m (AUD $13.5 
m) will be disbursed to cover construction costs and supervision fees for the project.",Coastal & Marine,Nauru,NMPA,Aid in-kind,ADB,,13.49,2025,,,Funded,Funded,,Coastal erosion & sea-level rise,Auto-tagged (sector/keywords),,,
E57,Existing / Committed,,Solar Power Development Project,"The Solar Power Development Project encompasses the installation of a 6MW solar energy farm, 
alongside institutional capacity development initiatives to support sustainable operations. This project, 
approved in September 2019, has a total budget of USD 22 m (AUD 32.34 m) and is intended to deliver 
positive impacts for Nauru households.
In the fiscal year 2025-26, following the commissioning of the solar grid into the Nauru Utility 
Corporation’s (NUC) national power system, an estimated USD 800,000 will be disbursed to the Joint 
Venture contractor and the Project Implementation Consultant for their services.",Energy,Nauru,NUC,Aid in-kind,ADB,,1.28,2025,,,Funded,Funded,,Energy & fuel security,Auto-tagged (sector/keywords),,,
E58,Existing / Committed,,Australia-Nauru Treaty Support,"Under the Nauru-Australia Treaty (NAT) signed in December 2024, Australia will provide $100 million 
over five years in direct budget support to further strengthen Nauru’s economic security and resilience. 
This support will assist to give the Government of Nauru fiscal certainty to invest in Nauru’s future, 
including by making deeper and long-term investments in education, health and social services to 
enhance the well-being of the Nauruan people. 
Through the Treaty, Australia will ensure Nauru does not risk being de-banked again. The 
Commonwealth Bank of Australia commenced banking operations in Nauru in August 2025. 
Australia and Nauru will expand and deepen our security cooperation, committing to consult on 
developments that threaten our sovereignty, peace or stability. Australia commits to maintaining its 
standing as Nauru’s primary security partner through $40 million in new investments that will support 
Nauru’s policing and security needs. This includes Australian support for police and broader national 
22
security, capital infrastructure, training, equipment, recruitment and retention.",Governance & Finance,Nauru,,Budget Support,Australia,,20,2025,,,Funded,Funded,,Enabling & capacity (cross-hazard),Auto-tagged (sector/keywords),,,
E59,Existing / Committed,,Education,"The $20m Nauru Education Program provides support to Nauru's education system and is aligned with Government of Nauru's policy frameworks and systems. The program funds advisers and education activities, as well as administration of the Australia Awards scholarships in Nauru. The program is continuing to 2027 under a managing contractor (TetraTech), with plans for a limited tender approach for the next phase from 2027. Nauru usually receives 10-20 places across the Australia Awards and Australia Awards Pacific annually depending on funding and applicants. Australia also supports direct-funding agreements (DFAs) to the Government of Nauru to fund education activities in Nauru including scholarships for Nauruans to study in Brisbane high schools, teacher salaries, licensing fees enabling Nauruan schools to offer the Queensland Certificate of Education, and partnership between the Nauru Department of Education and Queensland TAFE to deliver vocational education.",Education,Nauru,Department of Education/NUC,Aid in-kind,Australia,,5,2025,,,Funded,Funded,,Enabling & capacity (cross-hazard),Auto-tagged (sector/keywords),,,
E60,Existing / Committed,,Health,"Australia has partnered with Nauru to support health outcomes for over 25 years. Post are streamlining multiple health work streams and advisers into one consolidated program. The new Rana Tsimorum (2025-2035) investment is a whole-of-health program that works with the Government of Nauru to ensure that Nauru’s health system is better able to respond to health threats and effectively deliver inclusive quality health services and population-level interventions for the people of Nauru. This program is made up of three components: health system strengthening, health service delivery, and inclusive health. It will continue existing successful workstreams including visits by surgical teams and veterinarians, inline advisers and health information improvements; while also opening up new work streams in priority areas identified by Nauru1.",Health,Nauru,"Ministry of Health and Medical Services, Department of Public Health",Aid in-kind,Australia,,5.5,2025,,,Funded,Funded,,Climate-health risks,Auto-tagged (sector/keywords),,,
E61,Existing / Committed,,Infrastructure,"Australia’s infrastructure development program in Nauru is in transition from multiple separate infrastructure projects into one consolidated program, learning lessons to improve practice and local delivery. Current support includes projects to upgrade Nauru’s port and airport runway. Further projects will support Government of Nauru’s priorities for infrastructure as per the Nauru Sustainable Infrastructure Strategy with an investment design to be developed from 2025.",Housing & Community,Nauru,Department of Infrastructure,Aid in-kind,Australia,,8,2025,,,Funded,Funded,,General climate resilience,Auto-tagged (sector/keywords),,,
E62,Existing / Committed,,Governance,"Australia is assisting the Government of Nauru to strengthen and implement a robust public financial management system. The Nauru Accountable and Inclusive Governance Project (NAIG) strengthens 
governance intuitions, including in the justice sector, Parliament, the Nauru Electoral Commission and 
Civil Society Organisations. Australian Business Volunteers works with the Nauru Chamber of 
Commerce to develop Nauru’s private sector and regional business linkages. To support long-term 
economic resilience, Australia partners with Nauru and New Zealand to contribute annually to the 
Nauru Intergenerational Trust Fund. A planned community grants program will provide economic 
opportunities to local communities",Governance & Finance,Nauru,Department of Finance,Aid in-kind,Australia,,5.4,2025,,,Funded,Funded,,Enabling & capacity (cross-hazard),Auto-tagged (sector/keywords),,,
E63,Existing / Committed,,Program Support,"The Nauru Support Services (NSS) agreement with a managing contractor (Palladium) provides corporate and logistical support to the Australian High Commission and development program. It is currently funded from both administered ODA and departmental funding. It facilitates access to a range of services including property, maintenance, security, vehicles, and amenities.",Governance & Finance,Nauru,,Aid in-kind,Australia,,1,2025,,,Funded,Funded,,Enabling & capacity (cross-hazard),Auto-tagged (sector/keywords),,,
E64,Existing / Committed,,Direct Budget Support,"The People’s Republic of China will provide $30m in direct Budget Support to address government priorities. In addition, the PRC and Nauru are collaboratively developing several projects valued at $16.1m, in the following areas:",Governance & Finance,Nauru,Department of Finance,Aid in-kind,China,,30,2025,,,Funded,Funded,,Enabling & capacity (cross-hazard),Auto-tagged (sector/keywords),,,
E65,Existing / Committed,,"Micronesian Games Infrastructure, medical visits, scholarships","PRC is working with the Department of Sports on supporting the infrastructure needed for the Micronesian Games in 2026, including the National Stadium for track and field events, a sports hall, high_x0002_performance centre and all related equipment.",Social & Human Development,Nauru,"Department fo Sport, Ministry of Health and Medical Services, Department of Public Health",Aid in-kind,China,,16,2025,,,Funded,Funded,,Enabling & capacity (cross-hazard),Auto-tagged (sector/keywords),,,
E66,Existing / Committed,,Economic & Social Development Program (ESDP) - East Micronesia Undersea Cable,"The Economic & Social Development Program (ESDP) is a type of assistance intended to support Nauru 
by promoting its economic and social development efforts inclusive of poverty reduction. ESDP provides 
foreign currency for import of goods as Aid In-Kind. There is a total of four ESDP projects that are on_x0002_going:
• Provision of Port Equipment valued with a total grant funding of 600M JPY ($6.7m AUD)
• Provision of heavy machinery for the Nauru Rehabilitation Corporation - total grant funding of 
200M JPY ($2.2 m AUD)
• Provision of East Micronesia Undersea Cable for Nauru Fibre Corporation – total grant funding 
of 1.561B JPY ($17.4 m USD)
• Provision of Patrol Boat to Nauru Police Force – total grant funding of 440M JPY ($4.9m AUD)",Coastal & Marine,Nauru,"ICT, NFCC",Aid in-kind,Japan,,17.385,2025,,,Funded,Funded,,Coastal erosion & sea-level rise,Auto-tagged (sector/keywords),,,
E67,Existing / Committed,,Economic & Social Development Program (ESDP) - Heavy machinery for the Nauru Rehabilitation Corporation,"The Economic & Social Development Program (ESDP) is a type of assistance intended to support Nauru 
by promoting its economic and social development efforts inclusive of poverty reduction. ESDP provides 
foreign currency for import of goods as Aid In-Kind. There is a total of four ESDP projects that are on_x0002_going:
• Provision of Port Equipment valued with a total grant funding of 600M JPY ($6.7m AUD)
• Provision of heavy machinery for the Nauru Rehabilitation Corporation - total grant funding of 
200M JPY ($2.2 m AUD)
• Provision of East Micronesia Undersea Cable for Nauru Fibre Corporation – total grant funding 
of 1.561B JPY ($17.4 m USD)
• Provision of Patrol Boat to Nauru Police Force – total grant funding of 440M JPY ($4.9m AUD)",Governance & Finance,Nauru,NRC,Aid in-kind,Japan,,2.227,2025,,,Funded,Funded,,Enabling & capacity (cross-hazard),Auto-tagged (sector/keywords),,,
E68,Existing / Committed,,Economic & Social Development Program (ESDP) - Port Equipment,"The Economic & Social Development Program (ESDP) is a type of assistance intended to support Nauru 
by promoting its economic and social development efforts inclusive of poverty reduction. ESDP provides 
foreign currency for import of goods as Aid In-Kind. There is a total of four ESDP projects that are on_x0002_going:
• Provision of Port Equipment valued with a total grant funding of 600M JPY ($6.7m AUD)
• Provision of heavy machinery for the Nauru Rehabilitation Corporation - total grant funding of 
200M JPY ($2.2 m AUD)
• Provision of East Micronesia Undersea Cable for Nauru Fibre Corporation – total grant funding 
of 1.561B JPY ($17.4 m USD)
• Provision of Patrol Boat to Nauru Police Force – total grant funding of 440M JPY ($4.9m AUD)",Coastal & Marine,Nauru,NMPA,Aid in-kind,Japan,,6.681,2025,,,Funded,Funded,,Coastal erosion & sea-level rise,Auto-tagged (sector/keywords),,,
E69,Existing / Committed,,Economic & Social Development Program (ESDP)- Patrol Boat to Nauru Police Force,"The Economic & Social Development Program (ESDP) is a type of assistance intended to support Nauru 
by promoting its economic and social development efforts inclusive of poverty reduction. ESDP provides 
foreign currency for import of goods as Aid In-Kind. There is a total of four ESDP projects that are on_x0002_going:
• Provision of Port Equipment valued with a total grant funding of 600M JPY ($6.7m AUD)
• Provision of heavy machinery for the Nauru Rehabilitation Corporation - total grant funding of 
200M JPY ($2.2 m AUD)
• Provision of East Micronesia Undersea Cable for Nauru Fibre Corporation – total grant funding 
of 1.561B JPY ($17.4 m USD)
• Provision of Patrol Boat to Nauru Police Force – total grant funding of 440M JPY ($4.9m AUD)",Governance & Finance,Nauru,Department of Education,Aid in-kind,Japan,,4.901,2025,,,Funded,Funded,,Enabling & capacity (cross-hazard),Auto-tagged (sector/keywords),,,
E70,Existing / Committed,,Nauru Education Support 2024-2027,"New Zealand announced during Deputy Prime Minister Peters’ visit to Nauru in July 2024 that New Zealand would be providing Nauru with $5 million NZD ($4,618,269 AUD) in education support from 2024-2027: Focus on resilience and education in Nauru. This activity is still in design in consultation with the Nauru Department of Education. Support for FY 2025-26 is currently forecasted as $1.1 million NZD ($1,009,923 AUD).",Education,Nauru,"NUC, DCCNR",Aid in-kind,New Zealand,,1,2025,,,Funded,Funded,,Enabling & capacity (cross-hazard),Auto-tagged (sector/keywords),,,
E71,Existing / Committed,,Nauru Energy Efficiency - Nauru Energy Efficiency on the Demand Side (NEEDS) Project,"The Nauru Energy Efficiency on the Demand Side (NEEDS) project Grant Funding Agreement (GFA) was signed in December 2020, and is funded by the Ministry of Foreign Affairs and Trade (MFAT) of the Government of New Zealand. The aim is to support the achievement of the 30% energy efficiency target set in the Nauru Energy Road Map (NERM). The project is now in the implementation phase. 27 NEEDS total project funding for FY 2025-26 will be $71,284 NZD ($65,398 AUD).",Energy,Nauru,Department of Finance,Aid in-kind,New Zealand,,0.065,2025,,,Funded,Funded,,Energy & fuel security,Auto-tagged (sector/keywords),,,
E72,Existing / Committed,,Nauru Intergenerational Trust Fund,"New Zealand will make an annual contribution of $1m NZD ($917,431 AUD) to the Nauru Intergenerational Trust fund in June, as a member of the Trust Fund Committee.",Governance & Finance,Nauru,,Aid in-kind,New Zealand,,0.917,2025,,,Funded,Funded,,Enabling & capacity (cross-hazard),Auto-tagged (sector/keywords),,,
E73,Existing / Committed,,Regional Programme Support,"New Zealand also supports Nauru’s development through various regional programmes, totalling approximately $2,220,230 NZD ($2,036,908 AUD). A non-exhaustive list comprising of only forecasted payments over NZ$100,000 is provided below.",Governance & Finance,Nauru,Department of Education,Aid in-kind,New Zealand,,2.036,2025,,,Funded,Funded,,Enabling & capacity (cross-hazard),Auto-tagged (sector/keywords),,,
E74,Existing / Committed,,Scholarships,"Nauru is included in the Manaaki New Zealand Scholarship Programme and is eligible for tertiary awards, short-term cohort courses, and individual short-term training. The total amount forecast across tertiary awards and short-term cohort courses FY 2025-26 is unclear, but is likely to be around the same amount as FY 2024-2025 being: $802,156 NZD ($735,923 AUD). Additionally, there is budget available to Nauru scholars to be drawn down for individual short-term training awards.",Education,Nauru,Nauru Customs Office,Aid in-kind,New Zealand,,0.735,2025,,,Funded,Funded,,Enabling & capacity (cross-hazard),Auto-tagged (sector/keywords),,,
E75,Existing / Committed,,UNCTD - Customs operations harmonised across all Pacific Island countries,,Governance & Finance,Nauru,Department of Public Health,Aid in-kind,United Nations,,0.039,2025,,,Funded,Funded,,Enabling & capacity (cross-hazard),Auto-tagged (sector/keywords),,,
E76,Existing / Committed,,UNCTD - Improved trade facilitation and border/customs procedures,,Governance & Finance,Nauru,Department of Public Health,Aid in-kind,United Nations,,0.074,2025,,,Funded,Funded,,Enabling & capacity (cross-hazard),Auto-tagged (sector/keywords),,,
E77,Existing / Committed,,UNDF - Strengthened skills and opportunities for adolescents and youth in the Pacific to make informed choices about their sexual reproductive health rights and leadership for harnessing the Demographic Dividend,,Social & Human Development,Nauru,DCCNR,Aid in-kind,United Nations,,0.179,2025,,,Funded,Funded,,Enabling & capacity (cross-hazard),Auto-tagged (sector/keywords),,,
E78,Existing / Committed,,UNPF - Strengthened skills and opportunities for adolescents and youth to make informed choices about their sexual reproductive health rights and leadership for harnessing the Demographic Dividend,,Social & Human Development,Nauru,Department of Public Health,Aid in-kind,United Nations,,1.613,2025,,,Funded,Funded,,Enabling & capacity (cross-hazard),Auto-tagged (sector/keywords),,,
E79,Existing / Committed,,UNDP - Supporting Mainstreamed Achievement of Roadmap Targets on Energy in Nauru (SMARTEN),,Energy,Nauru,Parliament,Aid in-kind,United Nations,,1.612,2025,,,Funded,Funded,,Energy & fuel security,Auto-tagged (sector/keywords),,,
E80,Existing / Committed,,UNDP - The Multi-Country Western Pacific Integrated HIV/tuberculosis (TB) Programme,,Health,Nauru,Department of Public Health,Aid in-kind,United Nations,,6.45,2025,,,Funded,Funded,,Climate-health risks,Auto-tagged (sector/keywords),,,
E81,Existing / Committed,,UNDP - The Nauru Accountable and Inclusive Governance (NAIG) projec,,Governance & Finance,Nauru,Department of Education,Aid in-kind,United Nations,,2.24,2025,,,Funded,Funded,,Enabling & capacity (cross-hazard),Auto-tagged (sector/keywords),,,
E82,Existing / Committed,,"UNDPF - Strengthened mechanisms and capacities of actors, institutions, and communities to address discriminatory gender and social norms towards achieving sexual and reproductive health and reproductive rights, gender equality and bodily autonomy, and women and young people’s enhanced decision making and the right to live free from all forms of violence",,Social & Human Development,Nauru,"Ministry of Health and Medical Services, Department of Public Health",Aid in-kind,United Nations,,0.108968,2025,,,Funded,Funded,,Enabling & capacity (cross-hazard),Auto-tagged (sector/keywords),,,
E83,Existing / Committed,,UNESCO - Resilient and Equitable Education Systems,,Education,Nauru,Department of Education,Aid in-kind,United Nations,,0.0645,2025,,,Funded,Funded,,Enabling & capacity (cross-hazard),Auto-tagged (sector/keywords),,,
E84,Existing / Committed,,"UNESCO - Support Pacific SIDs in strengthening preparedness, mitigation and response to emergencies affecting culture",,Social & Human Development,Nauru,DEMA,Aid in-kind,United Nations,,0.2,2025,,,Funded,Funded,,Enabling & capacity (cross-hazard),Auto-tagged (sector/keywords),,,
E85,Existing / Committed,,UNESCO - Transformative Education through ESD and GCED,,Education,Nauru,DEMA,Aid in-kind,United Nations,,0.004,2025,,,Funded,Funded,,Enabling & capacity (cross-hazard),Auto-tagged (sector/keywords),,,
E86,Existing / Committed,,UNFAO - Strengthened gender- and youth_x0002_sensitive value chains for the economic empowerment of rural communities towards systemic resilience,,Agriculture & Food,Nauru,Department of Education,Aid in-kind,United Nations,,0.378,2025,,,Funded,Funded,,Food insecurity,Auto-tagged (sector/keywords),,,
E87,Existing / Committed,,"UNFAO - Strengthened sustainable, climate_x0002_smart and gender- and youth- sensitive agri-food production systems, including aquaponics, aquaculture and mariculture",,Fisheries & Aquaculture,Nauru,NES,Aid in-kind,United Nations,,0.132,2025,,,Funded,Funded,,Food insecurity,Auto-tagged (sector/keywords),,,
E88,Existing / Committed,,"UNICEF - Child sensitive data, planning, budgeting and reporting (inclusive social policies and programmes that reduce multi_x0002_dimensional child poverty)",,Social & Human Development,Nauru,"NES, DCCNR",Aid in-kind,United Nations,,0.135484,2025,,,Funded,Funded,,Enabling & capacity (cross-hazard),Auto-tagged (sector/keywords),,,
E89,Existing / Committed,,UNICEF - Equitable child-sensitive and shock-responsive social protection systems,,Social & Human Development,Nauru,"NES, DCCNR",Aid in-kind,United Nations,,0.80645,2025,,,Funded,Funded,,Enabling & capacity (cross-hazard),Auto-tagged (sector/keywords),,,
E90,Existing / Committed,,UNICEF - WASH in Communities and households,,Water & Sanitation,Nauru,"NES, DCCNR",Aid in-kind,United Nations,,0.008,2025,,,Funded,Funded,,Drought & water security,Auto-tagged (sector/keywords),,,
E91,Existing / Committed,,UNICEF - WASH in emergencies,,Water & Sanitation,Nauru,"NES, Department of Education",Aid in-kind,United Nations,,0.008,2025,,,Funded,Funded,,Drought & water security,Auto-tagged (sector/keywords),,,
E92,Existing / Committed,,UNICEF - WASH in Institutions,,Water & Sanitation,Nauru,"Department of Justice and Border Control, NPF",Aid in-kind,United Nations,,0.008,2025,,,Funded,Funded,,Drought & water security,Auto-tagged (sector/keywords),,,
E93,Existing / Committed,,UNICEF -Emergency Adaptation for children,,Social & Human Development,Nauru,Department of Justice and Border Control,Aid in-kind,United Nations,,0.04,2025,,,Funded,Funded,,Enabling & capacity (cross-hazard),Auto-tagged (sector/keywords),,,
E94,Existing / Committed,,UNODC - Technical support to law enforcement and border agencies to fight transnational organised crime including maritime crime,,Governance & Finance,Nauru,Department of Public Health,Aid in-kind,United Nations,,0.072,2025,,,Funded,Funded,,Enabling & capacity (cross-hazard),Auto-tagged (sector/keywords),,,
E95,Existing / Committed,,UNOHCHR - Technical support to Ministries on engagement with international human rights mechanisms,,Governance & Finance,Nauru,Department of Public Health,Aid in-kind,United Nations,,0.008,2025,,,Funded,Funded,,Enabling & capacity (cross-hazard),Auto-tagged (sector/keywords),,,
E96,Existing / Committed,,"UNPF - Strengthened mechanisms and capacities of actors, institutions, and towards achieving sexual and reproductive health and reproductive rights, gender equality and bodily autonomy, and women and young people’s enhanced decision making and the right to live free from all forms of violence.",,Social & Human Development,Nauru,"Ministry of Health and Medical Services, Department of Public Health",Aid in-kind,United Nations,,0.019,2025,,,Funded,Funded,,Enabling & capacity (cross-hazard),Auto-tagged (sector/keywords),,,
E97,Existing / Committed,,WHO - Amendments to tobacco regulations developed and introduction of cessation services,,Health,Nauru,,Aid in-kind,United Nations,,0.192,2025,,,Funded,Funded,,Climate-health risks,Auto-tagged (sector/keywords),,,
E98,Existing / Committed,,WHO - Improved resilience to climate change including mitigating climate_x0002_sensitive diseases,,Health,Nauru,,Aid in-kind,United Nations,,0.041,2025,,,Funded,Funded,,Climate-health risks,Auto-tagged (sector/keywords),,,
E99,Existing / Committed,,Nauru Restoration Generation,"Halting and reversing land degradation, as well as conserving remnant biodiversity in Small Island Developing States (SIDS), is a critical global priority. Nauru is among the most severely affected, with decades of unsustainable surface phosphate mining leaving much of the island’s landscape degraded and creating deep economic and social reliance on mining revenue. This legacy has hindered efforts to adopt Sustainable Land Management (SLM) and biodiversity conservation through an integrated landscape approach.

External support is essential to achieve systemic change—placing Nauru on a sustainable land-use pathway by mainstreaming Land Degradation Neutrality (LDN) and restoring ecosystem services through the conservation and enhancement of the island’s limited biodiversity assets.

The proposed Project provides this transformational shift. It will establish enabling policy and regulatory frameworks for SLM and biodiversity conservation, integrate LDN targets into national development planning, and pilot restoration initiatives on severely degraded post-mining lands. Concurrently, it will safeguard and restore Nauru’s remaining forests and raise awareness and capacity at national and community levels to ensure long-term stewardship of rehabilitated landscapes.

The Pacific Community (SPC) will support implementation of the agreed activities under four key components of the Nauru Restoration Generation Project:

Component 1: Strengthening policy and institutional capacity for sustainable land management and biodiversity conservation.

Component 2: Rehabilitation and restoration of degraded land to protect and reinstate ecosystem services in Nauru.

Component 3: Conservation and sustainable use of Nauru’s forests.

Component 4: Scaling up efforts towards land degradation neutrality and biodiversity conservation.

This comprehensive approach directly addresses four critical barriers—policy gaps, technical and financial capacity constraints, degraded landscapes, and limited public awareness—through four interlinked outcomes. Together, these interventions will position Nauru on a sustainable trajectory, aligning with global LDN targets and the Sustainable Development Goals while contributing to regional SIDS priorities.",Environment & Biodiversity,Nauru,SPC; DEMA; UNEP-GEF,,,,,,,,,Unspecified,,Land & marine environment,Auto-tagged (sector/keywords),,,
E100,Existing / Committed,CARE4N,Coastal Area Resilience Enhancement for Nauru (CARE4N) Project,"Conduct technical assessment of coastal erosion and develop plan for implementing hard and nature-based solutions (2030)Planned interventions to restore 36 ha of land and ecosystems and bring 81 ha of coastal areas under improved practices benefiting 4,802 people.",Coastal & Marine,Nauru,GEF,Special Climate Change Fund,GEF,,3.66,2024,,,Funded,Funded,Sea level rise,Coastal erosion & sea-level rise,Recorded in source,,,
E101,Existing / Committed,,Integration of Climate Change into Curriculum,"In partnership with MFAT and Trade Nauru, the Nauru Department of Climate Change and National Resilience is in the process of developing and integating into the primary school curriculum the issue of climate change and its implications for SIDS like Nauru.",Education,Nauru,"Nauru Department of Climate Change and National Resilience, Trade Nauru",Partnership,"MFAT, Trade Nauru",,,2026,,,Funded,Funded,NA,Enabling & capacity (cross-hazard),Recorded in source,,,
E102,Existing / Committed,TVET,Department of Vocational Training and Professional Development,"On April 8th, 2025, the newly established Department of Vocational Training and Professional Development officially commenced operations, which builds upon previous initiatives. The Department offers 6 international accredited programs funded by AusAID through direct funding projects under PAD. In addition, the department offers 9 national courses funded through the Alternative Pathway Program.",Education,Nauru,"AusAID, ",Direct funding,"AusAID, Alternative Pathway Program",,,2026,,,Funded,Funded,,Enabling & capacity (cross-hazard),Auto-tagged (sector/keywords),,,
E103,Existing / Committed,TVET,Operationalise National TVET Program,,Waste Management,Nauru,,,ADB,,10,2026,,,Proposed,Seeking funding,,Land & marine environment,Auto-tagged (sector/keywords),,,
E104,Existing / Committed,,"Collect, transport, dispose of all asbestos waste at a secure site off-island (2030)","The Govt. was able to dispose of 5 containers worth of building material waste containing asbestos, relocating it to a dumpsite in NZ. This covered only a small portion of the asbestos that has to be disposed.",Water & Sanitation,Nauru,,Technical Assistance,,,271,2026,,,Proposed,Seeking funding,"Water insecurity, drought",Drought & water security,Recorded in source,,,
E105,Existing / Committed,,Rehabilitate NPC Road & Access Roads (SRRP),Structural rehabilitation of the NPC road & major connecting roads,Housing & Community,Aiwo,Department of Infrastructure Development (DoID),Grant,TBD,,1.4,,,,Pipeline,Seeking funding,Flooding,General climate resilience,Recorded in source,,,
E106,Existing / Committed,,Improving Drainage on Ring Road (SRRP),Install/upgrade drainage channels,Housing & Community,Nationwide,Department of Infrastructure Development (DoID),Grant,TBD,,0.53,,,,Pipeline,Seeking funding,Flooding,General climate resilience,Recorded in source,,,
E107,Existing / Committed,,Refurbish Aquaculture Holding Centre,Renovate and equip aquaculture research & holding facility,Agriculture & Food,Meneng District,Nauru Fisheries & Marine Resources Authority,Grant,Adaptation Fund,,0.91,,,,Pipeline,Seeking funding,Food Insecurity,Food insecurity,Recorded in source,,,
E108,Existing / Committed,Sustainable and Climate-Resilient Connectivity Project,Heavy Lifting Crane (Harbor),Procure crane for Nauru port to handle heavy equipment,Coastal & Marine,Aiwo,Nauru Maritime & Port Authority,Grant (planned),TBD,,3.15,,,,Pipeline,Seeking funding,Food Insecurity,Coastal erosion & sea-level rise,Recorded in source,,,
E109,Existing / Committed,,Ring Road & Village Street Paving (SRRP),"Periodic resealing & repair of existing paved roads and main community access routes across the island, including drainage improvements",Housing & Community,Nationwide,Department of Infrastructure Development (DoID),Public Capital Expenditure,Nauru Govt Budget,,9,2022,,,Ongoing,Funded,Flooding,General climate resilience,Recorded in source,,,
E110,Existing / Committed,,New Diagnostic & Public Health Laboratory,Construct a new laboratory for advanced diagnostic testng,Health,Yaren District,Department of Health,Grant (Planned),TBD,,0.84,,,,Pipeline,Seeking funding,Health Crisis,Climate-health risks,Recorded in source,,,
E111,Existing / Committed,,New Maternity Ward (RON Hospital),Renovate & repurpose old hospital building,Health,Yaren District,Department of Health,Public Capital Expenditure,Nauru Govt Budget,,0.22,2019,,,Ongoing,Funded,Health Crisis,Climate-health risks,Recorded in source,,,
E112,Existing / Committed,,Quarantine Isolation Ward (RON Hospital),Renovate old ward building to create an infectious disease isolation ward,Health,Yaren District,Department of Health,Public Capital Expenditure,Nauru Govt Budget,,0.25,2022,2022,,Completed,Funded,Pandemic,Climate-health risks,Recorded in source,,,
E113,Existing / Committed,,Fire & Ambulance Service Upgrade (Maritime Police Unit),Establish a new Maritime Police Unit base & station,Disaster Risk Reduction,Aiwo,Nauru Police Force ,Grant (planned),TBD,,0.35,,,,Pipeline,Seeking funding,NA,Multi-hazard preparedness,Recorded in source,,,
E114,Existing / Committed,NDC,Fully implement the hard and nature-based solutions developed under the CARE4N Project after completion of the technical assessment (2035),Nauru will require significant financial resources to enable the full implementation of the resulting coastal protection plan and this contribution will be updated accordingly upon completion of the CARE4N Project's technical assessment (100),Coastal & Marine,Nauru,,,,,,,,,New,Unspecified,,Coastal erosion & sea-level rise,Auto-tagged (sector/keywords),,,
P001,RONAdapt II Pipeline (Proposed),Sustainable Milkfish Aquaculture Development and Capacity Enhancement Programme,"Hatchery Expansion & Juvenile Production (upgrade capacity, tanks, pumps, broodstock management, renewable energy upgrades)","Hatchery Expansion & Juvenile Production (upgrade capacity, tanks, pumps, broodstock management, renewable energy upgrades)",Fisheries & Aquaculture,Nationwide,,,,"DFAT/MFAT, FAO, ADB, JICA",0.4,2027,2035,Phase 2 (Medium-term),Proposed,Seeking funding,,Food insecurity,Auto-tagged (sector/keywords),,,
P002,RONAdapt II Pipeline (Proposed),Sustainable Milkfish Aquaculture Development and Capacity Enhancement Programme,"Buada Lagoon Sediment Removal & Pond Preparation (dredging, aeration, water quality improvement, expanded vegetation restoration)","Buada Lagoon Sediment Removal & Pond Preparation (dredging, aeration, water quality improvement, expanded vegetation restoration)",Fisheries & Aquaculture,Nationwide,,,,"GCF Small Grants, SPREP, EU, UNEP, RON Gov",0.325,2027,2035,Phase 2 (Medium-term),Proposed,Seeking funding,,Food insecurity,Auto-tagged (sector/keywords),,,
P003,RONAdapt II Pipeline (Proposed),Sustainable Milkfish Aquaculture Development and Capacity Enhancement Programme,"Transport & Grow-out Systems (boats, tanks, aerators, feed systems)","Transport & Grow-out Systems (boats, tanks, aerators, feed systems)",Fisheries & Aquaculture,Nationwide,,,,"FAO, SPC, Private Sector",0.15,2027,2035,Phase 2 (Medium-term),Proposed,Seeking funding,,Food insecurity,Auto-tagged (sector/keywords),,,
P004,RONAdapt II Pipeline (Proposed),Sustainable Milkfish Aquaculture Development and Capacity Enhancement Programme,Leaseholder Training & Capacity Building (including disability-inclusive and youth training),Leaseholder Training & Capacity Building (including disability-inclusive and youth training),Fisheries & Aquaculture,Nationwide,,,,"GIZ, SPC Land Resources Division, UNDP",0.125,2027,2035,Phase 2 (Medium-term),Proposed,Seeking funding,,Food insecurity,Auto-tagged (sector/keywords),,,
P005,RONAdapt II Pipeline (Proposed),Sustainable Milkfish Aquaculture Development and Capacity Enhancement Programme,Capacity building and awareness of traditional methods of farming milkfish,Capacity building and awareness of traditional methods of farming milkfish,Fisheries & Aquaculture,Nationwide,,,,"DFAT/MFAT, FAO, ADB, JICA",0.1,2027,2035,Phase 2 (Medium-term),Proposed,Seeking funding,,Food insecurity,Auto-tagged (sector/keywords),,,
P006,RONAdapt II Pipeline (Proposed),Sustainable Milkfish Aquaculture Development and Capacity Enhancement Programme,"Monitoring, Biosecurity & EIA Compliance (5-year plan)","Monitoring, Biosecurity & EIA Compliance (5-year plan)",Fisheries & Aquaculture,Nationwide,,,,"SPREP, RON Gov, GCF",0.1,2027,2035,Phase 2 (Medium-term),Proposed,Seeking funding,,Food insecurity,Auto-tagged (sector/keywords),,,
P007,RONAdapt II Pipeline (Proposed),Sustainable Milkfish Aquaculture Development and Capacity Enhancement Programme,Contingency (15% of sub-total) – Price & logistics risk,Contingency (15% of sub-total) – Price & logistics risk,Fisheries & Aquaculture,Nationwide,,,,"RON Gov Co-finance, Donor Overheads",0.146,2027,2035,Phase 2 (Medium-term),Proposed,Seeking funding,,Food insecurity,Auto-tagged (sector/keywords),,,
P008,RONAdapt II Pipeline (Proposed),Sustainable Milkfish Aquaculture Development and Capacity Enhancement Programme,Hatchery expansion & renewable energy integration,Hatchery expansion & renewable energy integration,Fisheries & Aquaculture,Nationwide,,,,"DFAT/MFAT, GCF, IFAD",1.2,2035,2040,Phase 3 (Long-term),Proposed,Seeking funding,,Food insecurity,Auto-tagged (sector/keywords),,,
P009,RONAdapt II Pipeline (Proposed),Sustainable Milkfish Aquaculture Development and Capacity Enhancement Programme,Grow-out Pond construction (5–7 new ponds),Grow-out Pond construction (5–7 new ponds),Fisheries & Aquaculture,Nationwide,,,,"EU, FAO, SPC",1.0,2035,2040,Phase 3 (Long-term),Proposed,Seeking funding,,Food insecurity,Auto-tagged (sector/keywords),,,
P010,RONAdapt II Pipeline (Proposed),Sustainable Milkfish Aquaculture Development and Capacity Enhancement Programme,Feed production facility,Feed production facility,Fisheries & Aquaculture,Nationwide,,,,"FAO, Private Sector",0.5,2035,2040,Phase 3 (Long-term),Proposed,Seeking funding,,Food insecurity,Auto-tagged (sector/keywords),,,
P011,RONAdapt II Pipeline (Proposed),Sustainable Milkfish Aquaculture Development and Capacity Enhancement Programme,Training centre development,Training centre development,Fisheries & Aquaculture,Nationwide,,,,"SPC, FAO, UNDP",0.6,2035,2040,Phase 3 (Long-term),Proposed,Seeking funding,,Food insecurity,Auto-tagged (sector/keywords),,,
P012,RONAdapt II Pipeline (Proposed),Sustainable Milkfish Aquaculture Development and Capacity Enhancement Programme,Cooperative strengthening & association setup,Cooperative strengthening & association setup,Fisheries & Aquaculture,Nationwide,,,,"RON Gov, Donors",0.2,2035,2040,Phase 3 (Long-term),Proposed,Seeking funding,,Food insecurity,Auto-tagged (sector/keywords),,,
P013,RONAdapt II Pipeline (Proposed),Sustainable Milkfish Aquaculture Development and Capacity Enhancement Programme,National aquaculture complex,National aquaculture complex,Fisheries & Aquaculture,Nationwide,,,,"GCF, DFAT, MFAT, JICA",4.0,,,,Proposed,Seeking funding,,Food insecurity,Auto-tagged (sector/keywords),,,
P014,RONAdapt II Pipeline (Proposed),Sustainable Milkfish Aquaculture Development and Capacity Enhancement Programme,Processing & export facility,Processing & export facility,Fisheries & Aquaculture,Nationwide,,,,"ADB, Private Sector",2.0,,,,Proposed,Seeking funding,,Food insecurity,Auto-tagged (sector/keywords),,,
P015,RONAdapt II Pipeline (Proposed),Sustainable Milkfish Aquaculture Development and Capacity Enhancement Programme,Feed mill development,Feed mill development,Fisheries & Aquaculture,Nationwide,,,,"FAO, SPC, IFAD",1.5,,,,Proposed,Seeking funding,,Food insecurity,Auto-tagged (sector/keywords),,,
P016,RONAdapt II Pipeline (Proposed),Sustainable Milkfish Aquaculture Development and Capacity Enhancement Programme,Cold storage & distribution hub,Cold storage & distribution hub,Fisheries & Aquaculture,Nationwide,,,,"PRC, DFAT, MFAT",1.5,,,,Proposed,Seeking funding,,Food insecurity,Auto-tagged (sector/keywords),,,
P017,RONAdapt II Pipeline (Proposed),Sustainable Milkfish Aquaculture Development and Capacity Enhancement Programme,Institutionalisation & capacity strengthening,Institutionalisation & capacity strengthening,Fisheries & Aquaculture,Nationwide,,,,"RON Gov, Donors",1.0,,,,Proposed,Seeking funding,,Food insecurity,Auto-tagged (sector/keywords),,,
P018,RONAdapt II Pipeline (Proposed),Multi-Hazard Early Warning & Emergency Operations,National Warning Establishment (CAP + channels),National Warning Establishment (CAP + channels),Disaster Risk Reduction,Nationwide,,,,"PRIF, ADB/WB TA, SPREP, SPC, WMO/UNDRR/CREWS",0.82,2027,2035,Phase 2 (Medium-term),Proposed,Seeking funding,,Multi-hazard preparedness,Auto-tagged (sector/keywords),,,
P019,RONAdapt II Pipeline (Proposed),Multi-Hazard Early Warning & Emergency Operations,Emergency Operations Centre,Emergency Operations Centre,Disaster Risk Reduction,Nationwide,,,,"PRIF, ADB/WB TA, SPREP, SPC, WMO/UNDRR/CREWS",0.56,2027,2035,Phase 2 (Medium-term),Proposed,Seeking funding,,Multi-hazard preparedness,Auto-tagged (sector/keywords),,,
P020,RONAdapt II Pipeline (Proposed),Multi-Hazard Early Warning & Emergency Operations,Risk-to-Action Implementation,Risk-to-Action Implementation,Disaster Risk Reduction,Nationwide,,,,"PRIF, ADB/WB TA, SPREP, SPC, WMO/UNDRR/CREWS",0.18,2027,2035,Phase 2 (Medium-term),Proposed,Seeking funding,,Multi-hazard preparedness,Auto-tagged (sector/keywords),,,
P021,RONAdapt II Pipeline (Proposed),Multi-Hazard Early Warning & Emergency Operations,Community Readiness,Community Readiness,Disaster Risk Reduction,Nationwide,,,,"PRIF, ADB/WB TA, SPREP, SPC, WMO/UNDRR/CREWS",0.12,2027,2035,Phase 2 (Medium-term),Proposed,Seeking funding,,Multi-hazard preparedness,Auto-tagged (sector/keywords),,,
P022,RONAdapt II Pipeline (Proposed),Multi-Hazard Early Warning & Emergency Operations,PMU & MEL,PMU & MEL,Disaster Risk Reduction,Nationwide,,,,"PRIF, ADB/WB TA, SPREP, SPC, WMO/UNDRR/CREWS",0.15,2027,2035,Phase 2 (Medium-term),Proposed,Seeking funding,,Multi-hazard preparedness,Auto-tagged (sector/keywords),,,
P023,RONAdapt II Pipeline (Proposed),Multi-Hazard Early Warning & Emergency Operations,Contingency (12%),Contingency (12%),Disaster Risk Reduction,Nationwide,,,,Mixed donors & GoN,0.2196,2027,2035,Phase 2 (Medium-term),Proposed,Seeking funding,,Multi-hazard preparedness,Auto-tagged (sector/keywords),,,
P024,RONAdapt II Pipeline (Proposed),Multi-Hazard Early Warning & Emergency Operations,Expansion of CAP gateway with multi-hazard feeds,Expansion of CAP gateway with multi-hazard feeds,Disaster Risk Reduction,Nationwide,,,,"WMO, UNDRR, CREWS",0.5,2035,2040,Phase 3 (Long-term),Proposed,Seeking funding,,Multi-hazard preparedness,Auto-tagged (sector/keywords),,,
P025,RONAdapt II Pipeline (Proposed),Multi-Hazard Early Warning & Emergency Operations,Additional outdoor sirens (10–12 units),Additional outdoor sirens (10–12 units),Disaster Risk Reduction,Nationwide,,,,"DFAT, MFAT, EU, JICA",0.4,2035,2040,Phase 3 (Long-term),Proposed,Seeking funding,,Multi-hazard preparedness,Auto-tagged (sector/keywords),,,
P026,RONAdapt II Pipeline (Proposed),Multi-Hazard Early Warning & Emergency Operations,National Cell Broadcast rollout,National Cell Broadcast rollout,Disaster Risk Reduction,Nationwide,,,,"ITU, ADB, World Bank",1.5,2035,2040,Phase 3 (Long-term),Proposed,Seeking funding,,Multi-hazard preparedness,Auto-tagged (sector/keywords),,,
P027,RONAdapt II Pipeline (Proposed),Multi-Hazard Early Warning & Emergency Operations,Dedicated Emergency Operations Centre facility,Dedicated Emergency Operations Centre facility,Disaster Risk Reduction,Nationwide,,,,"ADB, World Bank, GCF",2.0,2035,2040,Phase 3 (Long-term),Proposed,Seeking funding,,Multi-hazard preparedness,Auto-tagged (sector/keywords),,,
P028,RONAdapt II Pipeline (Proposed),Multi-Hazard Early Warning & Emergency Operations,National public alerting app + ICT integration,National public alerting app + ICT integration,Disaster Risk Reduction,Nationwide,,,,"SPC, UNDP, ITU",0.3,2035,2040,Phase 3 (Long-term),Proposed,Seeking funding,,Multi-hazard preparedness,Auto-tagged (sector/keywords),,,
P029,RONAdapt II Pipeline (Proposed),Multi-Hazard Early Warning & Emergency Operations,Institutionalised ICS training & 2 national drills,Institutionalised ICS training & 2 national drills,Disaster Risk Reduction,Nationwide,,,,"UNDRR, UNDP, DFAT",0.3,2035,2040,Phase 3 (Long-term),Proposed,Seeking funding,,Multi-hazard preparedness,Auto-tagged (sector/keywords),,,
P030,RONAdapt II Pipeline (Proposed),Multi-Hazard Early Warning & Emergency Operations,Phase 2 contingency (12%),Phase 2 contingency (12%),Disaster Risk Reduction,Nationwide,,,,"RON Gov, Donors",0.6,2035,2040,Phase 3 (Long-term),Proposed,Seeking funding,,Multi-hazard preparedness,Auto-tagged (sector/keywords),,,
P031,RONAdapt II Pipeline (Proposed),Multi-Hazard Early Warning & Emergency Operations,Resilient communications backbone,Resilient communications backbone,Disaster Risk Reduction,Nationwide,,,,"ADB, World Bank, EIB",3.0,,,,Proposed,Seeking funding,,Multi-hazard preparedness,Auto-tagged (sector/keywords),,,
P032,RONAdapt II Pipeline (Proposed),Multi-Hazard Early Warning & Emergency Operations,National Emergency & Climate Resilience Centre,National Emergency & Climate Resilience Centre,Disaster Risk Reduction,Nationwide,,,,"GCF, ADB, WB, DFAT, MFAT",7.0,,,,Proposed,Seeking funding,,Multi-hazard preparedness,Auto-tagged (sector/keywords),,,
P033,RONAdapt II Pipeline (Proposed),Multi-Hazard Early Warning & Emergency Operations,Regional CAP interoperability & Cell Broadcast integration,Regional CAP interoperability & Cell Broadcast integration,Disaster Risk Reduction,Nationwide,,,,"ITU, WMO, CREWS",2.0,,,,Proposed,Seeking funding,,Multi-hazard preparedness,Auto-tagged (sector/keywords),,,
P034,RONAdapt II Pipeline (Proposed),Multi-Hazard Early Warning & Emergency Operations,Advanced forecast-based hazard detection,Advanced forecast-based hazard detection,Disaster Risk Reduction,Nationwide,,,,"UNDRR, CREWS, SPC",1.0,,,,Proposed,Seeking funding,,Multi-hazard preparedness,Auto-tagged (sector/keywords),,,
P035,RONAdapt II Pipeline (Proposed),Multi-Hazard Early Warning & Emergency Operations,"Governance, recurrent budget, and institutional strengthening","Governance, recurrent budget, and institutional strengthening",Disaster Risk Reduction,Nationwide,,,,"UNDP, RON Gov, Donors",1.5,,,,Proposed,Seeking funding,,Multi-hazard preparedness,Auto-tagged (sector/keywords),,,
P036,RONAdapt II Pipeline (Proposed),Multi-Hazard Early Warning & Emergency Operations,Phase 3 contingency (10%),Phase 3 contingency (10%),Disaster Risk Reduction,Nationwide,,,,"RON Gov, Donors",1.4,,,,Proposed,Seeking funding,,Multi-hazard preparedness,Auto-tagged (sector/keywords),,,
P037,RONAdapt II Pipeline (Proposed),Water Storage for Drought Preparedness,"Tank, logistics, civils, pipework, basic RTU","Tank, logistics, civils, pipework, basic RTU",Water & Sanitation,Nationwide,,,,PRIF bilateral grant,1.1808,2027,2035,Phase 2 (Medium-term),Proposed,Seeking funding,,Drought & water security,Auto-tagged (sector/keywords),,,
P038,RONAdapt II Pipeline (Proposed),Water Storage for Drought Preparedness,"Activity design, peer review, EIA/ESMP support, supervision","Activity design, peer review, EIA/ESMP support, supervision",Water & Sanitation,Nationwide,,,,ADB/WB TA grant via NSUDP PMU,0.2952,2027,2035,Phase 2 (Medium-term),Proposed,Seeking funding,,Drought & water security,Auto-tagged (sector/keywords),,,
P039,RONAdapt II Pipeline (Proposed),Water Storage for Drought Preparedness,"SCADA central integration, pump-station VFDs, consolidated freight","SCADA central integration, pump-station VFDs, consolidated freight",Water & Sanitation,Nationwide,,,,NSUDP co-financing/variation,0.2952,2027,2035,Phase 2 (Medium-term),Proposed,Seeking funding,,Drought & water security,Auto-tagged (sector/keywords),,,
P040,RONAdapt II Pipeline (Proposed),Water Storage for Drought Preparedness,"Land, permits, staff time, minor O&M","Land, permits, staff time, minor O&M",Water & Sanitation,Nationwide,,,,Government of Nauru,0.0984,2027,2035,Phase 2 (Medium-term),Proposed,Seeking funding,,Drought & water security,Auto-tagged (sector/keywords),,,
P041,RONAdapt II Pipeline (Proposed),Water Storage for Drought Preparedness,Price risk / schedule float,Price risk / schedule float,Water & Sanitation,Nationwide,,,,Unallocated contingency buffer,0.0984,2027,2035,Phase 2 (Medium-term),Proposed,Seeking funding,,Drought & water security,Auto-tagged (sector/keywords),,,
P042,RONAdapt II Pipeline (Proposed),Water Storage for Drought Preparedness,Construction of 1–2 additional 3 ML tanks,Construction of 1–2 additional 3 ML tanks,Water & Sanitation,Nationwide,,,,"GCF, Adaptation Fund, PRIF",2.4,2035,2040,Phase 3 (Long-term),Proposed,Seeking funding,,Drought & water security,Auto-tagged (sector/keywords),,,
P043,RONAdapt II Pipeline (Proposed),Water Storage for Drought Preparedness,Expanded SCADA integration across all tanks & pump stations,Expanded SCADA integration across all tanks & pump stations,Water & Sanitation,Nationwide,,,,"ADB, World Bank, SPC",0.6,2035,2040,Phase 3 (Long-term),Proposed,Seeking funding,,Drought & water security,Auto-tagged (sector/keywords),,,
P044,RONAdapt II Pipeline (Proposed),Water Storage for Drought Preparedness,Pump station redundancy upgrades,Pump station redundancy upgrades,Water & Sanitation,Nationwide,,,,"DFAT/MFAT, NSUDP",0.45,2035,2040,Phase 3 (Long-term),Proposed,Seeking funding,,Drought & water security,Auto-tagged (sector/keywords),,,
P045,RONAdapt II Pipeline (Proposed),Water Storage for Drought Preparedness,Rainwater harvesting integration into tanks,Rainwater harvesting integration into tanks,Water & Sanitation,Nationwide,,,,"UNICEF, SPC, EU",0.35,2035,2040,Phase 3 (Long-term),Proposed,Seeking funding,,Drought & water security,Auto-tagged (sector/keywords),,,
P046,RONAdapt II Pipeline (Proposed),Water Storage for Drought Preparedness,District-level operator & warden training,District-level operator & warden training,Water & Sanitation,Nationwide,,,,"UNDP, WHO, SPC",0.2,2035,2040,Phase 3 (Long-term),Proposed,Seeking funding,,Drought & water security,Auto-tagged (sector/keywords),,,
P047,RONAdapt II Pipeline (Proposed),Water Storage for Drought Preparedness,Phase 2 contingency (10%),Phase 2 contingency (10%),Water & Sanitation,Nationwide,,,,Mixed donors & GoN,0.4,2035,2040,Phase 3 (Long-term),Proposed,Seeking funding,,Drought & water security,Auto-tagged (sector/keywords),,,
P048,RONAdapt II Pipeline (Proposed),Water Storage for Drought Preparedness,National Water Storage & Resilience Hub,National Water Storage & Resilience Hub,Water & Sanitation,Nationwide,,,,"GCF, ADB, World Bank",6.0,,,,Proposed,Seeking funding,,Drought & water security,Auto-tagged (sector/keywords),,,
P049,RONAdapt II Pipeline (Proposed),Water Storage for Drought Preparedness,Demand forecasting system linked to early warning,Demand forecasting system linked to early warning,Water & Sanitation,Nationwide,,,,"CREWS, UNDRR, SPC",1.0,,,,Proposed,Seeking funding,,Drought & water security,Auto-tagged (sector/keywords),,,
P050,RONAdapt II Pipeline (Proposed),Water Storage for Drought Preparedness,Community/district storage tanks,Community/district storage tanks,Water & Sanitation,Nationwide,,,,"UNICEF, DFAT, EU",2.0,,,,Proposed,Seeking funding,,Drought & water security,Auto-tagged (sector/keywords),,,
P051,RONAdapt II Pipeline (Proposed),Water Storage for Drought Preparedness,Emergency water reserves for critical facilities,Emergency water reserves for critical facilities,Water & Sanitation,Nationwide,,,,"WHO, UNICEF, Adaptation Fund",1.5,,,,Proposed,Seeking funding,,Drought & water security,Auto-tagged (sector/keywords),,,
P052,RONAdapt II Pipeline (Proposed),Water Storage for Drought Preparedness,Institutionalisation of O&M,Institutionalisation of O&M,Water & Sanitation,Nationwide,,,,"Government of Nauru, UNDP",1.0,,,,Proposed,Seeking funding,,Drought & water security,Auto-tagged (sector/keywords),,,
P053,RONAdapt II Pipeline (Proposed),Water Storage for Drought Preparedness,Phase 3 contingency (10%),Phase 3 contingency (10%),Water & Sanitation,Nationwide,,,,"Multilateral, bilateral & GoN support",1.15,,,,Proposed,Seeking funding,,Drought & water security,Auto-tagged (sector/keywords),,,
P054,RONAdapt II Pipeline (Proposed),Renewable Energy Water Systems for Farms,2× BWRO sites (10 m³/d each),2× BWRO sites (10 m³/d each),Water & Sanitation,Nationwide,,,,"DFAT/MFAT, GCF Small Grants, FAO",0.376,2027,2035,Phase 2 (Medium-term),Proposed,Seeking funding,,Drought & water security,Auto-tagged (sector/keywords),,,
P055,RONAdapt II Pipeline (Proposed),Renewable Energy Water Systems for Farms,1× SWRO site (10 m³/d),1× SWRO site (10 m³/d),Water & Sanitation,Nationwide,,,,"SPC-EU, UNDP",0.261,2027,2035,Phase 2 (Medium-term),Proposed,Seeking funding,,Drought & water security,Auto-tagged (sector/keywords),,,
P056,RONAdapt II Pipeline (Proposed),Renewable Energy Water Systems for Farms,Program Setup and Implementation,Program Setup and Implementation,Water & Sanitation,Nationwide,,,,"FAO, SPC, GIZ, SPREP",0.29,2027,2035,Phase 2 (Medium-term),Proposed,Seeking funding,,Drought & water security,Auto-tagged (sector/keywords),,,
P057,RONAdapt II Pipeline (Proposed),Renewable Energy Water Systems for Farms,Phase 1 contingency (10%),Phase 1 contingency (10%),Water & Sanitation,Nationwide,,,,"RON Government Co-finance, Donor overhead allowances",0.095,2027,2035,Phase 2 (Medium-term),Proposed,Seeking funding,,Drought & water security,Auto-tagged (sector/keywords),,,
P058,RONAdapt II Pipeline (Proposed),Renewable Energy Water Systems for Farms,Rehabilitation & upgrading of the 3 pilot farm systems,Rehabilitation & upgrading of the 3 pilot farm systems,Water & Sanitation,Nationwide,,,,"DFAT/MFAT, GCF, FAO",0.45,2035,2040,Phase 3 (Long-term),Proposed,Seeking funding,,Drought & water security,Auto-tagged (sector/keywords),,,
P059,RONAdapt II Pipeline (Proposed),Renewable Energy Water Systems for Farms,Expansion to 4th government-owned farm site,Expansion to 4th government-owned farm site,Water & Sanitation,Nationwide,,,,"JICA, EU PRIF, SPC",0.4,2035,2040,Phase 3 (Long-term),Proposed,Seeking funding,,Drought & water security,Auto-tagged (sector/keywords),,,
P060,RONAdapt II Pipeline (Proposed),Renewable Energy Water Systems for Farms,Centralised SCADA integration across farm systems,Centralised SCADA integration across farm systems,Water & Sanitation,Nationwide,,,,"ADB, World Bank, ITU",0.3,2035,2040,Phase 3 (Long-term),Proposed,Seeking funding,,Drought & water security,Auto-tagged (sector/keywords),,,
P061,RONAdapt II Pipeline (Proposed),Renewable Energy Water Systems for Farms,Farmer capacity building,Farmer capacity building,Water & Sanitation,Nationwide,,,,"FAO, SPC Land Resources, UNDP",0.1,2035,2040,Phase 3 (Long-term),Proposed,Seeking funding,,Drought & water security,Auto-tagged (sector/keywords),,,
P062,RONAdapt II Pipeline (Proposed),Renewable Energy Water Systems for Farms,Spare parts warehouse & logistics buffer,Spare parts warehouse & logistics buffer,Water & Sanitation,Nationwide,,,,"GIZ, SPREP, RON Gov",0.1,2035,2040,Phase 3 (Long-term),Proposed,Seeking funding,,Drought & water security,Auto-tagged (sector/keywords),,,
P063,RONAdapt II Pipeline (Proposed),Renewable Energy Water Systems for Farms,Phase 2 contingency (10%),Phase 2 contingency (10%),Water & Sanitation,Nationwide,,,,RON Government and mixed donors,0.135,2035,2040,Phase 3 (Long-term),Proposed,Seeking funding,,Drought & water security,Auto-tagged (sector/keywords),,,
P064,RONAdapt II Pipeline (Proposed),Renewable Energy Water Systems for Farms,Farm Water & Energy Resilience Hub,Farm Water & Energy Resilience Hub,Water & Sanitation,Nationwide,,,,"GCF, ADB, World Bank",2.5,,,,Proposed,Seeking funding,,Drought & water security,Auto-tagged (sector/keywords),,,
P065,RONAdapt II Pipeline (Proposed),Renewable Energy Water Systems for Farms,Long-term O&M institutionalisation,Long-term O&M institutionalisation,Water & Sanitation,Nationwide,,,,"UNDP, Adaptation Fund, RON Gov",1.0,,,,Proposed,Seeking funding,,Drought & water security,Auto-tagged (sector/keywords),,,
P066,RONAdapt II Pipeline (Proposed),Renewable Energy Water Systems for Farms,Demand forecasting + drought-response modelling,Demand forecasting + drought-response modelling,Water & Sanitation,Nationwide,,,,"CREWS, UNDRR, FAO",0.5,,,,Proposed,Seeking funding,,Drought & water security,Auto-tagged (sector/keywords),,,
P067,RONAdapt II Pipeline (Proposed),Renewable Energy Water Systems for Farms,Emergency water reserves at farm hubs,Emergency water reserves at farm hubs,Water & Sanitation,Nationwide,,,,"EU, UNICEF, DFAT",0.8,,,,Proposed,Seeking funding,,Drought & water security,Auto-tagged (sector/keywords),,,
P068,RONAdapt II Pipeline (Proposed),Renewable Energy Water Systems for Farms,Inclusion programmes,Inclusion programmes,Water & Sanitation,Nationwide,,,,"SPC, FAO",0.2,,,,Proposed,Seeking funding,,Drought & water security,Auto-tagged (sector/keywords),,,
P069,RONAdapt II Pipeline (Proposed),Renewable Energy Water Systems for Farms,Phase 3 contingency (10%),Phase 3 contingency (10%),Water & Sanitation,Nationwide,,,,Mixed donors & GoN,0.5,,,,Proposed,Seeking funding,,Drought & water security,Auto-tagged (sector/keywords),,,
P070,RONAdapt II Pipeline (Proposed),"Development and Implementation of an Integrated Coastal Management Plan, including Strategic Seawall Construction","Civil works, small equipment","Civil works, small equipment",Coastal & Marine,Nationwide,,,,DFAT/MFAT/EU/JICA,0.7641,2027,2035,Phase 2 (Medium-term),Proposed,Seeking funding,,Coastal erosion & sea-level rise,Auto-tagged (sector/keywords),,,
P071,RONAdapt II Pipeline (Proposed),"Development and Implementation of an Integrated Coastal Management Plan, including Strategic Seawall Construction","Design, EIA support, supervision, PMU set-up","Design, EIA support, supervision, PMU set-up",Coastal & Marine,Nationwide,,,,ADB TA grant,0.3396,2027,2035,Phase 2 (Medium-term),Proposed,Seeking funding,,Coastal erosion & sea-level rise,Auto-tagged (sector/keywords),,,
P072,RONAdapt II Pipeline (Proposed),"Development and Implementation of an Integrated Coastal Management Plan, including Strategic Seawall Construction","ICM policy/mapping, NBS, monitoring system","ICM policy/mapping, NBS, monitoring system",Coastal & Marine,Nationwide,,,,GCF Readiness/SAP,0.2547,2027,2035,Phase 2 (Medium-term),Proposed,Seeking funding,,Coastal erosion & sea-level rise,Auto-tagged (sector/keywords),,,
P073,RONAdapt II Pipeline (Proposed),"Development and Implementation of an Integrated Coastal Management Plan, including Strategic Seawall Construction","Comms/signage, training, O&M manuals","Comms/signage, training, O&M manuals",Coastal & Marine,Nationwide,,,,Another PRIF partner,0.2547,2027,2035,Phase 2 (Medium-term),Proposed,Seeking funding,,Coastal erosion & sea-level rise,Auto-tagged (sector/keywords),,,
P074,RONAdapt II Pipeline (Proposed),"Development and Implementation of an Integrated Coastal Management Plan, including Strategic Seawall Construction","Staff time, site access, utilities, storage","Staff time, site access, utilities, storage",Coastal & Marine,Nationwide,,,,Government co-finance,0.0849,2027,2035,Phase 2 (Medium-term),Proposed,Seeking funding,,Coastal erosion & sea-level rise,Auto-tagged (sector/keywords),,,
P075,RONAdapt II Pipeline (Proposed),"Development and Implementation of an Integrated Coastal Management Plan, including Strategic Seawall Construction",Additional seawall stretches (400–600 m),Additional seawall stretches (400–600 m),Coastal & Marine,Nationwide,,,,"PRIF bilateral, ADB",3.0,2035,2040,Phase 3 (Long-term),Proposed,Seeking funding,,Coastal erosion & sea-level rise,Auto-tagged (sector/keywords),,,
P076,RONAdapt II Pipeline (Proposed),"Development and Implementation of an Integrated Coastal Management Plan, including Strategic Seawall Construction",NBS buffer rehabilitation + nourishment,NBS buffer rehabilitation + nourishment,Coastal & Marine,Nationwide,,,,"SPC, GCF Adaptation, UNDP",0.8,2035,2040,Phase 3 (Long-term),Proposed,Seeking funding,,Coastal erosion & sea-level rise,Auto-tagged (sector/keywords),,,
P077,RONAdapt II Pipeline (Proposed),"Development and Implementation of an Integrated Coastal Management Plan, including Strategic Seawall Construction",Coastal hazard updates & monitoring expansion,Coastal hazard updates & monitoring expansion,Coastal & Marine,Nationwide,,,,"ADB, World Bank, CREWS",0.5,2035,2040,Phase 3 (Long-term),Proposed,Seeking funding,,Coastal erosion & sea-level rise,Auto-tagged (sector/keywords),,,
P078,RONAdapt II Pipeline (Proposed),"Development and Implementation of an Integrated Coastal Management Plan, including Strategic Seawall Construction",Capacity building & O&M systems,Capacity building & O&M systems,Coastal & Marine,Nationwide,,,,"UNDP, GIZ, SPC",0.4,2035,2040,Phase 3 (Long-term),Proposed,Seeking funding,,Coastal erosion & sea-level rise,Auto-tagged (sector/keywords),,,
P079,RONAdapt II Pipeline (Proposed),"Development and Implementation of an Integrated Coastal Management Plan, including Strategic Seawall Construction",Phase 2 contingency (10%),Phase 2 contingency (10%),Coastal & Marine,Nationwide,,,,Mixed donors & GoN,0.47,2035,2040,Phase 3 (Long-term),Proposed,Seeking funding,,Coastal erosion & sea-level rise,Auto-tagged (sector/keywords),,,
P080,RONAdapt II Pipeline (Proposed),"Development and Implementation of an Integrated Coastal Management Plan, including Strategic Seawall Construction",Multi-km seawall + nature-based protection works,Multi-km seawall + nature-based protection works,Coastal & Marine,Nationwide,,,,"GCF/Adaptation Fund, ADB, World Bank",10.0,,,,Proposed,Seeking funding,,Coastal erosion & sea-level rise,Auto-tagged (sector/keywords),,,
P081,RONAdapt II Pipeline (Proposed),"Development and Implementation of an Integrated Coastal Management Plan, including Strategic Seawall Construction",Institutionalised O&M,Institutionalised O&M,Coastal & Marine,Nationwide,,,,"Government of Nauru, UNDP",1.2,,,,Proposed,Seeking funding,,Coastal erosion & sea-level rise,Auto-tagged (sector/keywords),,,
P082,RONAdapt II Pipeline (Proposed),"Development and Implementation of an Integrated Coastal Management Plan, including Strategic Seawall Construction","Integrated ICM governance, policy mainstreaming","Integrated ICM governance, policy mainstreaming",Coastal & Marine,Nationwide,,,,GCF/UNDP/UNEP,1.0,,,,Proposed,Seeking funding,,Coastal erosion & sea-level rise,Auto-tagged (sector/keywords),,,
P083,RONAdapt II Pipeline (Proposed),"Development and Implementation of an Integrated Coastal Management Plan, including Strategic Seawall Construction",Community-based adaptation,Community-based adaptation,Coastal & Marine,Nationwide,,,,"SPC, SPREP, NGOs",0.6,,,,Proposed,Seeking funding,,Coastal erosion & sea-level rise,Auto-tagged (sector/keywords),,,
P084,RONAdapt II Pipeline (Proposed),"Development and Implementation of an Integrated Coastal Management Plan, including Strategic Seawall Construction","Advanced hazard modelling, forecasting & early warning linkages","Advanced hazard modelling, forecasting & early warning linkages",Coastal & Marine,Nationwide,,,,"CREWS, WMO, UNDRR",0.9,,,,Proposed,Seeking funding,,Coastal erosion & sea-level rise,Auto-tagged (sector/keywords),,,
P085,RONAdapt II Pipeline (Proposed),"Development and Implementation of an Integrated Coastal Management Plan, including Strategic Seawall Construction",Phase 3 contingency (10%),Phase 3 contingency (10%),Coastal & Marine,Nationwide,,,,"Multilateral, bilateral & GoN",1.37,,,,Proposed,Seeking funding,,Coastal erosion & sea-level rise,Auto-tagged (sector/keywords),,,
P086,RONAdapt II Pipeline (Proposed),Water Security Resilience through rainwater harvesting and Storage Systems for Public Institutions,New rainwater tank installation,New rainwater tank installation,Water & Sanitation,Nationwide,,,,"GCF, JICA, DFAT, MFAT",1.2,2027,2035,Phase 2 (Medium-term),Proposed,Seeking funding,,Drought & water security,Auto-tagged (sector/keywords),,,
P087,RONAdapt II Pipeline (Proposed),Water Security Resilience through rainwater harvesting and Storage Systems for Public Institutions,Rehabilitation of existing tanks & systems,Rehabilitation of existing tanks & systems,Water & Sanitation,Nationwide,,,,"SPC, SPREP, UNICEF",0.4,2027,2035,Phase 2 (Medium-term),Proposed,Seeking funding,,Drought & water security,Auto-tagged (sector/keywords),,,
P088,RONAdapt II Pipeline (Proposed),Water Security Resilience through rainwater harvesting and Storage Systems for Public Institutions,Filtration & treatment systems,Filtration & treatment systems,Water & Sanitation,Nationwide,,,,"WHO, UNICEF",0.2,2027,2035,Phase 2 (Medium-term),Proposed,Seeking funding,,Drought & water security,Auto-tagged (sector/keywords),,,
P089,RONAdapt II Pipeline (Proposed),Water Security Resilience through rainwater harvesting and Storage Systems for Public Institutions,Capacity building & maintenance training,Capacity building & maintenance training,Water & Sanitation,Nationwide,,,,"SPREP, UNICEF",0.1,2027,2035,Phase 2 (Medium-term),Proposed,Seeking funding,,Drought & water security,Auto-tagged (sector/keywords),,,
P090,RONAdapt II Pipeline (Proposed),Water Security Resilience through rainwater harvesting and Storage Systems for Public Institutions,Monitoring and Evaluation,Monitoring and Evaluation,Water & Sanitation,Nationwide,,,,"GCF, UNDP",0.05,2027,2035,Phase 2 (Medium-term),Proposed,Seeking funding,,Drought & water security,Auto-tagged (sector/keywords),,,
P091,RONAdapt II Pipeline (Proposed),Water Security Resilience through rainwater harvesting and Storage Systems for Public Institutions,Phase 1 contingency,Phase 1 contingency,Water & Sanitation,Nationwide,,,,"Mixed donors, Government",0.05,2027,2035,Phase 2 (Medium-term),Proposed,Seeking funding,,Drought & water security,Auto-tagged (sector/keywords),,,
P092,RONAdapt II Pipeline (Proposed),Water Security Resilience through rainwater harvesting and Storage Systems for Public Institutions,Local tank production facility,Local tank production facility,Water & Sanitation,Nationwide,,,,"EU Green Deal, DFAT, MFAT",1.5,2035,2040,Phase 3 (Long-term),Proposed,Seeking funding,,Drought & water security,Auto-tagged (sector/keywords),,,
P093,RONAdapt II Pipeline (Proposed),Water Security Resilience through rainwater harvesting and Storage Systems for Public Institutions,Expansion of rainwater storage,Expansion of rainwater storage,Water & Sanitation,Nationwide,,,,"GCF, AF, JICA",0.9,2035,2040,Phase 3 (Long-term),Proposed,Seeking funding,,Drought & water security,Auto-tagged (sector/keywords),,,
P094,RONAdapt II Pipeline (Proposed),Water Security Resilience through rainwater harvesting and Storage Systems for Public Institutions,Advanced filtration and water safety kits,Advanced filtration and water safety kits,Water & Sanitation,Nationwide,,,,"WHO, UNICEF",0.3,2035,2040,Phase 3 (Long-term),Proposed,Seeking funding,,Drought & water security,Auto-tagged (sector/keywords),,,
P095,RONAdapt II Pipeline (Proposed),Water Security Resilience through rainwater harvesting and Storage Systems for Public Institutions,PPP support for local supply chain,PPP support for local supply chain,Water & Sanitation,Nationwide,,,,"SPC, SPREP, UNDP",0.2,2035,2040,Phase 3 (Long-term),Proposed,Seeking funding,,Drought & water security,Auto-tagged (sector/keywords),,,
P096,RONAdapt II Pipeline (Proposed),Water Security Resilience through rainwater harvesting and Storage Systems for Public Institutions,O&M training,O&M training,Water & Sanitation,Nationwide,,,,"FAO, GIZ",0.1,2035,2040,Phase 3 (Long-term),Proposed,Seeking funding,,Drought & water security,Auto-tagged (sector/keywords),,,
P097,RONAdapt II Pipeline (Proposed),Water Security Resilience through rainwater harvesting and Storage Systems for Public Institutions,Phase 2 contingency,Phase 2 contingency,Water & Sanitation,Nationwide,,,,"Multilateral, Bilateral, Government",0.2,2035,2040,Phase 3 (Long-term),Proposed,Seeking funding,,Drought & water security,Auto-tagged (sector/keywords),,,
P098,RONAdapt II Pipeline (Proposed),Water Security Resilience through rainwater harvesting and Storage Systems for Public Institutions,Large-scale institutional storage upgrades,Large-scale institutional storage upgrades,Water & Sanitation,Nationwide,,,,"GCF, World Bank, ADB",2.5,,,,Proposed,Seeking funding,,Drought & water security,Auto-tagged (sector/keywords),,,
P099,RONAdapt II Pipeline (Proposed),Water Security Resilience through rainwater harvesting and Storage Systems for Public Institutions,Smart monitoring systems,Smart monitoring systems,Water & Sanitation,Nationwide,,,,"SPC, DFAT",1.0,,,,Proposed,Seeking funding,,Drought & water security,Auto-tagged (sector/keywords),,,
P100,RONAdapt II Pipeline (Proposed),Water Security Resilience through rainwater harvesting and Storage Systems for Public Institutions,O&M institutionalisation,O&M institutionalisation,Water & Sanitation,Nationwide,,,,"UNDP, Government recurrent budget",0.6,,,,Proposed,Seeking funding,,Drought & water security,Auto-tagged (sector/keywords),,,
P101,RONAdapt II Pipeline (Proposed),Water Security Resilience through rainwater harvesting and Storage Systems for Public Institutions,Community-based resilience hubs,Community-based resilience hubs,Water & Sanitation,Nationwide,,,,"GCF, Adaptation Fund, UNICEF",1.2,,,,Proposed,Seeking funding,,Drought & water security,Auto-tagged (sector/keywords),,,
P102,RONAdapt II Pipeline (Proposed),Water Security Resilience through rainwater harvesting and Storage Systems for Public Institutions,Regional knowledge exchange,Regional knowledge exchange,Water & Sanitation,Nationwide,,,,"SPREP, SPC, FAO",0.2,,,,Proposed,Seeking funding,,Drought & water security,Auto-tagged (sector/keywords),,,
P103,RONAdapt II Pipeline (Proposed),Water Security Resilience through rainwater harvesting and Storage Systems for Public Institutions,Phase 3 contingency,Phase 3 contingency,Water & Sanitation,Nationwide,,,,Mixed,0.4,,,,Proposed,Seeking funding,,Drought & water security,Auto-tagged (sector/keywords),,,
P104,RONAdapt II Pipeline (Proposed),Integrating Climate Change Education and Building Resilience through Training Programs,Curriculum development & integration,Curriculum development & integration,Education,Nationwide,,,,"UNICEF, UNESCO, DFAT",0.4,2027,2035,Phase 2 (Medium-term),Proposed,Seeking funding,,Enabling & capacity (cross-hazard),Auto-tagged (sector/keywords),,,
P105,RONAdapt II Pipeline (Proposed),Integrating Climate Change Education and Building Resilience through Training Programs,Teacher training & professional development,Teacher training & professional development,Education,Nationwide,,,,"DFAT, MFAT, JICA",0.35,2027,2035,Phase 2 (Medium-term),Proposed,Seeking funding,,Enabling & capacity (cross-hazard),Auto-tagged (sector/keywords),,,
P106,RONAdapt II Pipeline (Proposed),Integrating Climate Change Education and Building Resilience through Training Programs,Vocational and community training programs,Vocational and community training programs,Education,Nationwide,,,,"SPC, SPREP, ICDF",0.4,2027,2035,Phase 2 (Medium-term),Proposed,Seeking funding,,Enabling & capacity (cross-hazard),Auto-tagged (sector/keywords),,,
P107,RONAdapt II Pipeline (Proposed),Integrating Climate Change Education and Building Resilience through Training Programs,Awareness materials & outreach campaigns,Awareness materials & outreach campaigns,Education,Nationwide,,,,"UNDP, SPREP, EU",0.2,2027,2035,Phase 2 (Medium-term),Proposed,Seeking funding,,Enabling & capacity (cross-hazard),Auto-tagged (sector/keywords),,,
P108,RONAdapt II Pipeline (Proposed),Integrating Climate Change Education and Building Resilience through Training Programs,Institutional coordination & support,Institutional coordination & support,Education,Nationwide,,,,"GCF, ADB",0.1,2027,2035,Phase 2 (Medium-term),Proposed,Seeking funding,,Enabling & capacity (cross-hazard),Auto-tagged (sector/keywords),,,
P109,RONAdapt II Pipeline (Proposed),Integrating Climate Change Education and Building Resilience through Training Programs,Monitoring & Evaluation,Monitoring & Evaluation,Education,Nationwide,,,,"GCF, UNDP",0.05,2027,2035,Phase 2 (Medium-term),Proposed,Seeking funding,,Enabling & capacity (cross-hazard),Auto-tagged (sector/keywords),,,
P110,RONAdapt II Pipeline (Proposed),Integrating Climate Change Education and Building Resilience through Training Programs,Phase 1 contingency,Phase 1 contingency,Education,Nationwide,,,,Mixed,0.05,2027,2035,Phase 2 (Medium-term),Proposed,Seeking funding,,Enabling & capacity (cross-hazard),Auto-tagged (sector/keywords),,,
P111,RONAdapt II Pipeline (Proposed),Integrating Climate Change Education and Building Resilience through Training Programs,Curriculum scaling & refresher modules,Curriculum scaling & refresher modules,Education,Nationwide,,,,"UNICEF, UNESCO",0.3,2035,2040,Phase 3 (Long-term),Proposed,Seeking funding,,Enabling & capacity (cross-hazard),Auto-tagged (sector/keywords),,,
P112,RONAdapt II Pipeline (Proposed),Integrating Climate Change Education and Building Resilience through Training Programs,Advanced teacher training & refresher programs,Advanced teacher training & refresher programs,Education,Nationwide,,,,"DFAT, MFAT, JICA",0.28,2035,2040,Phase 3 (Long-term),Proposed,Seeking funding,,Enabling & capacity (cross-hazard),Auto-tagged (sector/keywords),,,
P113,RONAdapt II Pipeline (Proposed),Integrating Climate Change Education and Building Resilience through Training Programs,Expanded vocational/community training,Expanded vocational/community training,Education,Nationwide,,,,"SPC, SPREP",0.35,2035,2040,Phase 3 (Long-term),Proposed,Seeking funding,,Enabling & capacity (cross-hazard),Auto-tagged (sector/keywords),,,
P114,RONAdapt II Pipeline (Proposed),Integrating Climate Change Education and Building Resilience through Training Programs,Awareness campaigns,Awareness campaigns,Education,Nationwide,,,,"UNDP, EU",0.15,2035,2040,Phase 3 (Long-term),Proposed,Seeking funding,,Enabling & capacity (cross-hazard),Auto-tagged (sector/keywords),,,
P115,RONAdapt II Pipeline (Proposed),Integrating Climate Change Education and Building Resilience through Training Programs,Institutional strengthening & cross-sector workshops,Institutional strengthening & cross-sector workshops,Education,Nationwide,,,,"ADB, GCF",0.12,2035,2040,Phase 3 (Long-term),Proposed,Seeking funding,,Enabling & capacity (cross-hazard),Auto-tagged (sector/keywords),,,
P116,RONAdapt II Pipeline (Proposed),Integrating Climate Change Education and Building Resilience through Training Programs,Monitoring & Evaluation,Monitoring & Evaluation,Education,Nationwide,,,,"UNDP, SPC, GCF",0.08,2035,2040,Phase 3 (Long-term),Proposed,Seeking funding,,Enabling & capacity (cross-hazard),Auto-tagged (sector/keywords),,,
P117,RONAdapt II Pipeline (Proposed),Integrating Climate Change Education and Building Resilience through Training Programs,Phase 2 contingency,Phase 2 contingency,Education,Nationwide,,,,Mixed,0.05,2035,2040,Phase 3 (Long-term),Proposed,Seeking funding,,Enabling & capacity (cross-hazard),Auto-tagged (sector/keywords),,,
P118,RONAdapt II Pipeline (Proposed),Integrating Climate Change Education and Building Resilience through Training Programs,Curriculum institutionalisation & digital resources,Curriculum institutionalisation & digital resources,Education,Nationwide,,,,"UNESCO, UNICEF",0.25,,,,Proposed,Seeking funding,,Enabling & capacity (cross-hazard),Auto-tagged (sector/keywords),,,
P119,RONAdapt II Pipeline (Proposed),Integrating Climate Change Education and Building Resilience through Training Programs,Teacher mentorship networks & institutional embedding,Teacher mentorship networks & institutional embedding,Education,Nationwide,,,,"DFAT, MFAT, JICA",0.2,,,,Proposed,Seeking funding,,Enabling & capacity (cross-hazard),Auto-tagged (sector/keywords),,,
P120,RONAdapt II Pipeline (Proposed),Integrating Climate Change Education and Building Resilience through Training Programs,Community resilience train-the-trainer program,Community resilience train-the-trainer program,Education,Nationwide,,,,"SPC, SPREP",0.3,,,,Proposed,Seeking funding,,Enabling & capacity (cross-hazard),Auto-tagged (sector/keywords),,,
P121,RONAdapt II Pipeline (Proposed),Integrating Climate Change Education and Building Resilience through Training Programs,Outreach legacy products,Outreach legacy products,Education,Nationwide,,,,"UNDP, EU",0.12,,,,Proposed,Seeking funding,,Enabling & capacity (cross-hazard),Auto-tagged (sector/keywords),,,
P122,RONAdapt II Pipeline (Proposed),Integrating Climate Change Education and Building Resilience through Training Programs,Institutional sustainability,Institutional sustainability,Education,Nationwide,,,,"GCF, ADB",0.15,,,,Proposed,Seeking funding,,Enabling & capacity (cross-hazard),Auto-tagged (sector/keywords),,,
P123,RONAdapt II Pipeline (Proposed),Integrating Climate Change Education and Building Resilience through Training Programs,Monitoring & Evaluation,Monitoring & Evaluation,Education,Nationwide,,,,"UNDP, GCF, SPC",0.1,,,,Proposed,Seeking funding,,Enabling & capacity (cross-hazard),Auto-tagged (sector/keywords),,,
P124,RONAdapt II Pipeline (Proposed),Integrating Climate Change Education and Building Resilience through Training Programs,Phase 3 contingency,Phase 3 contingency,Education,Nationwide,,,,Mixed,0.05,,,,Proposed,Seeking funding,,Enabling & capacity (cross-hazard),Auto-tagged (sector/keywords),,,
P125,RONAdapt II Pipeline (Proposed),Strengthen Coastal Resilience through targeted Community Coastal Ecosystem Restoration and re-vegetation planting programme,Coastal vegetation propagation and planting,Coastal vegetation propagation and planting,Environment & Biodiversity,Nationwide,,,,"GCF, GEF, NGOs",0.5,2027,2035,Phase 2 (Medium-term),Proposed,Seeking funding,,Land & marine environment,Auto-tagged (sector/keywords),,,
P126,RONAdapt II Pipeline (Proposed),Strengthen Coastal Resilience through targeted Community Coastal Ecosystem Restoration and re-vegetation planting programme,Community nurseries,Community nurseries,Environment & Biodiversity,Nationwide,,,,"GEF SGP, SPC, SPREP",0.3,2027,2035,Phase 2 (Medium-term),Proposed,Seeking funding,,Land & marine environment,Auto-tagged (sector/keywords),,,
P127,RONAdapt II Pipeline (Proposed),Strengthen Coastal Resilience through targeted Community Coastal Ecosystem Restoration and re-vegetation planting programme,Protective measures,Protective measures,Environment & Biodiversity,Nationwide,,,,"JICA, DFAT",0.1,2027,2035,Phase 2 (Medium-term),Proposed,Seeking funding,,Land & marine environment,Auto-tagged (sector/keywords),,,
P128,RONAdapt II Pipeline (Proposed),Strengthen Coastal Resilience through targeted Community Coastal Ecosystem Restoration and re-vegetation planting programme,Community training & awareness,Community training & awareness,Environment & Biodiversity,Nationwide,,,,"SPREP, SPC, NGOs",0.2,2027,2035,Phase 2 (Medium-term),Proposed,Seeking funding,,Land & marine environment,Auto-tagged (sector/keywords),,,
P129,RONAdapt II Pipeline (Proposed),Strengthen Coastal Resilience through targeted Community Coastal Ecosystem Restoration and re-vegetation planting programme,Monitoring & evaluation of pilot sites,Monitoring & evaluation of pilot sites,Environment & Biodiversity,Nationwide,,,,"GCF, SPREP",0.05,2027,2035,Phase 2 (Medium-term),Proposed,Seeking funding,,Land & marine environment,Auto-tagged (sector/keywords),,,
P130,RONAdapt II Pipeline (Proposed),Strengthen Coastal Resilience through targeted Community Coastal Ecosystem Restoration and re-vegetation planting programme,Phase 1 contingency,Phase 1 contingency,Environment & Biodiversity,Nationwide,,,,Mixed,0.05,2027,2035,Phase 2 (Medium-term),Proposed,Seeking funding,,Land & marine environment,Auto-tagged (sector/keywords),,,
P131,RONAdapt II Pipeline (Proposed),Strengthen Coastal Resilience through targeted Community Coastal Ecosystem Restoration and re-vegetation planting programme,Expansion of coastal vegetation planting,Expansion of coastal vegetation planting,Environment & Biodiversity,Nationwide,,,,"GCF, Adaptation Fund",0.8,2035,2040,Phase 3 (Long-term),Proposed,Seeking funding,,Land & marine environment,Auto-tagged (sector/keywords),,,
P132,RONAdapt II Pipeline (Proposed),Strengthen Coastal Resilience through targeted Community Coastal Ecosystem Restoration and re-vegetation planting programme,Community irrigation stations,Community irrigation stations,Environment & Biodiversity,Nationwide,,,,"DFAT, MFAT, JICA, UNDP",1.0,2035,2040,Phase 3 (Long-term),Proposed,Seeking funding,,Land & marine environment,Auto-tagged (sector/keywords),,,
P133,RONAdapt II Pipeline (Proposed),Strengthen Coastal Resilience through targeted Community Coastal Ecosystem Restoration and re-vegetation planting programme,Soil conditioning & mulching systems,Soil conditioning & mulching systems,Environment & Biodiversity,Nationwide,,,,"Adaptation Fund, UNEP",0.3,2035,2040,Phase 3 (Long-term),Proposed,Seeking funding,,Land & marine environment,Auto-tagged (sector/keywords),,,
P134,RONAdapt II Pipeline (Proposed),Strengthen Coastal Resilience through targeted Community Coastal Ecosystem Restoration and re-vegetation planting programme,National Coastal Plant Hub,National Coastal Plant Hub,Environment & Biodiversity,Nationwide,,,,"GEF, SPC, SPREP",0.4,2035,2040,Phase 3 (Long-term),Proposed,Seeking funding,,Land & marine environment,Auto-tagged (sector/keywords),,,
P135,RONAdapt II Pipeline (Proposed),Strengthen Coastal Resilience through targeted Community Coastal Ecosystem Restoration and re-vegetation planting programme,Landowner agreements and legal frameworks,Landowner agreements and legal frameworks,Environment & Biodiversity,Nationwide,,,,"Government of Nauru, GCF",0.15,2035,2040,Phase 3 (Long-term),Proposed,Seeking funding,,Land & marine environment,Auto-tagged (sector/keywords),,,
P136,RONAdapt II Pipeline (Proposed),Strengthen Coastal Resilience through targeted Community Coastal Ecosystem Restoration and re-vegetation planting programme,Advanced training,Advanced training,Environment & Biodiversity,Nationwide,,,,"UNDP, SPC",0.1,2035,2040,Phase 3 (Long-term),Proposed,Seeking funding,,Land & marine environment,Auto-tagged (sector/keywords),,,
P137,RONAdapt II Pipeline (Proposed),Strengthen Coastal Resilience through targeted Community Coastal Ecosystem Restoration and re-vegetation planting programme,Monitoring & evaluation expanded sites,Monitoring & evaluation expanded sites,Environment & Biodiversity,Nationwide,,,,"GCF, SPREP",0.05,2035,2040,Phase 3 (Long-term),Proposed,Seeking funding,,Land & marine environment,Auto-tagged (sector/keywords),,,
P138,RONAdapt II Pipeline (Proposed),Strengthen Coastal Resilience through targeted Community Coastal Ecosystem Restoration and re-vegetation planting programme,Phase 2 contingency,Phase 2 contingency,Environment & Biodiversity,Nationwide,,,,Mixed,0.05,2035,2040,Phase 3 (Long-term),Proposed,Seeking funding,,Land & marine environment,Auto-tagged (sector/keywords),,,
P139,RONAdapt II Pipeline (Proposed),Strengthen Coastal Resilience through targeted Community Coastal Ecosystem Restoration and re-vegetation planting programme,Nationwide coastal planting,Nationwide coastal planting,Environment & Biodiversity,Nationwide,,,,"GCF, Adaptation Fund",1.0,,,,Proposed,Seeking funding,,Land & marine environment,Auto-tagged (sector/keywords),,,
P140,RONAdapt II Pipeline (Proposed),Strengthen Coastal Resilience through targeted Community Coastal Ecosystem Restoration and re-vegetation planting programme,National Coastal Resilience Unit,National Coastal Resilience Unit,Environment & Biodiversity,Nationwide,,,,"GCF, ADB, UNDP",0.8,,,,Proposed,Seeking funding,,Land & marine environment,Auto-tagged (sector/keywords),,,
P141,RONAdapt II Pipeline (Proposed),Strengthen Coastal Resilience through targeted Community Coastal Ecosystem Restoration and re-vegetation planting programme,Long-term community stewardship agreements,Long-term community stewardship agreements,Environment & Biodiversity,Nationwide,,,,"Government of Nauru, GCF",0.4,,,,Proposed,Seeking funding,,Land & marine environment,Auto-tagged (sector/keywords),,,
P142,RONAdapt II Pipeline (Proposed),Strengthen Coastal Resilience through targeted Community Coastal Ecosystem Restoration and re-vegetation planting programme,Coastal knowledge in curricula & vocational training,Coastal knowledge in curricula & vocational training,Environment & Biodiversity,Nationwide,,,,"MFAT, DFAT, SPC",0.3,,,,Proposed,Seeking funding,,Land & marine environment,Auto-tagged (sector/keywords),,,
P143,RONAdapt II Pipeline (Proposed),Strengthen Coastal Resilience through targeted Community Coastal Ecosystem Restoration and re-vegetation planting programme,National monitoring database,National monitoring database,Environment & Biodiversity,Nationwide,,,,"SPREP, UNEP",0.4,,,,Proposed,Seeking funding,,Land & marine environment,Auto-tagged (sector/keywords),,,
P144,RONAdapt II Pipeline (Proposed),Strengthen Coastal Resilience through targeted Community Coastal Ecosystem Restoration and re-vegetation planting programme,Research & sustainable finance pathways,Research & sustainable finance pathways,Environment & Biodiversity,Nationwide,,,,"UNDP, UNEP",0.2,,,,Proposed,Seeking funding,,Land & marine environment,Auto-tagged (sector/keywords),,,
P145,RONAdapt II Pipeline (Proposed),Strengthen Coastal Resilience through targeted Community Coastal Ecosystem Restoration and re-vegetation planting programme,Monitoring & evaluation national programme,Monitoring & evaluation national programme,Environment & Biodiversity,Nationwide,,,,"GCF, SPREP",0.05,,,,Proposed,Seeking funding,,Land & marine environment,Auto-tagged (sector/keywords),,,
P146,RONAdapt II Pipeline (Proposed),Strengthen Coastal Resilience through targeted Community Coastal Ecosystem Restoration and re-vegetation planting programme,Phase 3 contingency,Phase 3 contingency,Environment & Biodiversity,Nationwide,,,,Mixed,0.05,,,,Proposed,Seeking funding,,Land & marine environment,Auto-tagged (sector/keywords),,,
P147,RONAdapt II Pipeline (Proposed),Community Based Fisheries Management (CEAFM),Community training programmes & workshops,Community training programmes & workshops,Fisheries & Aquaculture,Nationwide,,,,"SPC, FAO, DFAT, MFAT",0.35,2027,2035,Phase 2 (Medium-term),Proposed,Seeking funding,,Food insecurity,Auto-tagged (sector/keywords),,,
P148,RONAdapt II Pipeline (Proposed),Community Based Fisheries Management (CEAFM),Pilot community fisheries management plans,Pilot community fisheries management plans,Fisheries & Aquaculture,Nationwide,,,,"GCF, SPREP, WorldFish",0.25,2027,2035,Phase 2 (Medium-term),Proposed,Seeking funding,,Food insecurity,Auto-tagged (sector/keywords),,,
P149,RONAdapt II Pipeline (Proposed),Community Based Fisheries Management (CEAFM),Community engagement & awareness,Community engagement & awareness,Fisheries & Aquaculture,Nationwide,,,,"DFAT, UNICEF",0.15,2027,2035,Phase 2 (Medium-term),Proposed,Seeking funding,,Food insecurity,Auto-tagged (sector/keywords),,,
P150,RONAdapt II Pipeline (Proposed),Community Based Fisheries Management (CEAFM),Equipment & logistics,Equipment & logistics,Fisheries & Aquaculture,Nationwide,,,,"JICA, ICDF",0.15,2027,2035,Phase 2 (Medium-term),Proposed,Seeking funding,,Food insecurity,Auto-tagged (sector/keywords),,,
P151,RONAdapt II Pipeline (Proposed),Community Based Fisheries Management (CEAFM),Monitoring & evaluation,Monitoring & evaluation,Fisheries & Aquaculture,Nationwide,,,,"SPC, FAO",0.2,2027,2035,Phase 2 (Medium-term),Proposed,Seeking funding,,Food insecurity,Auto-tagged (sector/keywords),,,
P152,RONAdapt II Pipeline (Proposed),Community Based Fisheries Management (CEAFM),Phase 1 contingency,Phase 1 contingency,Fisheries & Aquaculture,Nationwide,,,,Mixed,0.05,2027,2035,Phase 2 (Medium-term),Proposed,Seeking funding,,Food insecurity,Auto-tagged (sector/keywords),,,
P153,RONAdapt II Pipeline (Proposed),Community Based Fisheries Management (CEAFM),Expansion of CEAFM to new districts,Expansion of CEAFM to new districts,Fisheries & Aquaculture,Nationwide,,,,"GCF, AF, SPC",0.5,2035,2040,Phase 3 (Long-term),Proposed,Seeking funding,,Food insecurity,Auto-tagged (sector/keywords),,,
P154,RONAdapt II Pipeline (Proposed),Community Based Fisheries Management (CEAFM),"Advanced training on fisheries monitoring, compliance & enforcement","Advanced training on fisheries monitoring, compliance & enforcement",Fisheries & Aquaculture,Nationwide,,,,"SPC, FAO, JICA",0.3,2035,2040,Phase 3 (Long-term),Proposed,Seeking funding,,Food insecurity,Auto-tagged (sector/keywords),,,
P155,RONAdapt II Pipeline (Proposed),Community Based Fisheries Management (CEAFM),Community-based monitoring systems,Community-based monitoring systems,Fisheries & Aquaculture,Nationwide,,,,"FAO, WorldFish, DFAT",0.4,2035,2040,Phase 3 (Long-term),Proposed,Seeking funding,,Food insecurity,Auto-tagged (sector/keywords),,,
P156,RONAdapt II Pipeline (Proposed),Community Based Fisheries Management (CEAFM),Livelihood diversification pilots,Livelihood diversification pilots,Fisheries & Aquaculture,Nationwide,,,,"GEF, FAO, UNDP",0.4,2035,2040,Phase 3 (Long-term),Proposed,Seeking funding,,Food insecurity,Auto-tagged (sector/keywords),,,
P157,RONAdapt II Pipeline (Proposed),Community Based Fisheries Management (CEAFM),Strengthening legal frameworks & co-management agreements,Strengthening legal frameworks & co-management agreements,Fisheries & Aquaculture,Nationwide,,,,"Government of Nauru, GCF",0.25,2035,2040,Phase 3 (Long-term),Proposed,Seeking funding,,Food insecurity,Auto-tagged (sector/keywords),,,
P158,RONAdapt II Pipeline (Proposed),Community Based Fisheries Management (CEAFM),Equipment upgrades,Equipment upgrades,Fisheries & Aquaculture,Nationwide,,,,"JICA, MFAT",0.2,2035,2040,Phase 3 (Long-term),Proposed,Seeking funding,,Food insecurity,Auto-tagged (sector/keywords),,,
P159,RONAdapt II Pipeline (Proposed),Community Based Fisheries Management (CEAFM),Monitoring & evaluation,Monitoring & evaluation,Fisheries & Aquaculture,Nationwide,,,,"SPC, FAO",0.1,2035,2040,Phase 3 (Long-term),Proposed,Seeking funding,,Food insecurity,Auto-tagged (sector/keywords),,,
P160,RONAdapt II Pipeline (Proposed),Community Based Fisheries Management (CEAFM),Phase 2 contingency,Phase 2 contingency,Fisheries & Aquaculture,Nationwide,,,,Mixed,0.1,2035,2040,Phase 3 (Long-term),Proposed,Seeking funding,,Food insecurity,Auto-tagged (sector/keywords),,,
P161,RONAdapt II Pipeline (Proposed),Community Based Fisheries Management (CEAFM),National CEAFM institutionalisation,National CEAFM institutionalisation,Fisheries & Aquaculture,Nationwide,,,,"GCF, ADB, UNDP",0.6,,,,Proposed,Seeking funding,,Food insecurity,Auto-tagged (sector/keywords),,,
P162,RONAdapt II Pipeline (Proposed),Community Based Fisheries Management (CEAFM),Traditional knowledge into national fisheries law,Traditional knowledge into national fisheries law,Fisheries & Aquaculture,Nationwide,,,,"FAO, SPC",0.3,,,,Proposed,Seeking funding,,Food insecurity,Auto-tagged (sector/keywords),,,
P163,RONAdapt II Pipeline (Proposed),Community Based Fisheries Management (CEAFM),National fisheries database & monitoring systems,National fisheries database & monitoring systems,Fisheries & Aquaculture,Nationwide,,,,"SPC, WorldFish",0.4,,,,Proposed,Seeking funding,,Food insecurity,Auto-tagged (sector/keywords),,,
P164,RONAdapt II Pipeline (Proposed),Community Based Fisheries Management (CEAFM),Long-term financing mechanisms,Long-term financing mechanisms,Fisheries & Aquaculture,Nationwide,,,,"GCF, AF, ADB",0.4,,,,Proposed,Seeking funding,,Food insecurity,Auto-tagged (sector/keywords),,,
P165,RONAdapt II Pipeline (Proposed),Community Based Fisheries Management (CEAFM),Regional knowledge sharing,Regional knowledge sharing,Fisheries & Aquaculture,Nationwide,,,,"SPC, SPREP, DFAT",0.25,,,,Proposed,Seeking funding,,Food insecurity,Auto-tagged (sector/keywords),,,
P166,RONAdapt II Pipeline (Proposed),Community Based Fisheries Management (CEAFM),Ongoing community stewardship agreements & awareness,Ongoing community stewardship agreements & awareness,Fisheries & Aquaculture,Nationwide,,,,"Government of Nauru, NGOs",0.2,,,,Proposed,Seeking funding,,Food insecurity,Auto-tagged (sector/keywords),,,
P167,RONAdapt II Pipeline (Proposed),Community Based Fisheries Management (CEAFM),Monitoring & evaluation,Monitoring & evaluation,Fisheries & Aquaculture,Nationwide,,,,"SPC, UNDP",0.1,,,,Proposed,Seeking funding,,Food insecurity,Auto-tagged (sector/keywords),,,
P168,RONAdapt II Pipeline (Proposed),Community Based Fisheries Management (CEAFM),Phase 3 contingency,Phase 3 contingency,Fisheries & Aquaculture,Nationwide,,,,Mixed,0.1,,,,Proposed,Seeking funding,,Food insecurity,Auto-tagged (sector/keywords),,,
P169,RONAdapt II Pipeline (Proposed),Energy Efficiency in the Water Sector,Energy-efficient pump and motor upgrades,Energy-efficient pump and motor upgrades,Energy,Nationwide,,,,"ADB, JICA, DFAT",0.6,2027,2035,Phase 2 (Medium-term),Proposed,Seeking funding,,Energy & fuel security,Auto-tagged (sector/keywords),,,
P170,RONAdapt II Pipeline (Proposed),Energy Efficiency in the Water Sector,Leakage detection & pressure management pilot,Leakage detection & pressure management pilot,Energy,Nationwide,,,,"SPC, SPREP",0.15,2027,2035,Phase 2 (Medium-term),Proposed,Seeking funding,,Energy & fuel security,Auto-tagged (sector/keywords),,,
P171,RONAdapt II Pipeline (Proposed),Energy Efficiency in the Water Sector,Capacity building & technician training,Capacity building & technician training,Energy,Nationwide,,,,"UNDP, JICA",0.1,2027,2035,Phase 2 (Medium-term),Proposed,Seeking funding,,Energy & fuel security,Auto-tagged (sector/keywords),,,
P172,RONAdapt II Pipeline (Proposed),Energy Efficiency in the Water Sector,Awareness & behaviour-change campaigns,Awareness & behaviour-change campaigns,Energy,Nationwide,,,,"UNICEF, NGOs",0.05,2027,2035,Phase 2 (Medium-term),Proposed,Seeking funding,,Energy & fuel security,Auto-tagged (sector/keywords),,,
P173,RONAdapt II Pipeline (Proposed),Energy Efficiency in the Water Sector,Monitoring & evaluation,Monitoring & evaluation,Energy,Nationwide,,,,"GCF, UNDP",0.05,2027,2035,Phase 2 (Medium-term),Proposed,Seeking funding,,Energy & fuel security,Auto-tagged (sector/keywords),,,
P174,RONAdapt II Pipeline (Proposed),Energy Efficiency in the Water Sector,Phase 1 contingency,Phase 1 contingency,Energy,Nationwide,,,,Mixed,0.05,2027,2035,Phase 2 (Medium-term),Proposed,Seeking funding,,Energy & fuel security,Auto-tagged (sector/keywords),,,
P175,RONAdapt II Pipeline (Proposed),Energy Efficiency in the Water Sector,Solar PV integration for desalination and pumping systems,Solar PV integration for desalination and pumping systems,Energy,Nationwide,,,,"GCF, EU, MFAT",1.0,2035,2040,Phase 3 (Long-term),Proposed,Seeking funding,,Energy & fuel security,Auto-tagged (sector/keywords),,,
P176,RONAdapt II Pipeline (Proposed),Energy Efficiency in the Water Sector,Network-wide leakage detection & monitoring,Network-wide leakage detection & monitoring,Energy,Nationwide,,,,"SPREP, SPC",0.25,2035,2040,Phase 3 (Long-term),Proposed,Seeking funding,,Energy & fuel security,Auto-tagged (sector/keywords),,,
P177,RONAdapt II Pipeline (Proposed),Energy Efficiency in the Water Sector,Energy efficiency guidelines & standards,Energy efficiency guidelines & standards,Energy,Nationwide,,,,"SPREP, Government",0.05,2035,2040,Phase 3 (Long-term),Proposed,Seeking funding,,Energy & fuel security,Auto-tagged (sector/keywords),,,
P178,RONAdapt II Pipeline (Proposed),Energy Efficiency in the Water Sector,Advanced training & certification,Advanced training & certification,Energy,Nationwide,,,,"JICA, SPC",0.1,2035,2040,Phase 3 (Long-term),Proposed,Seeking funding,,Energy & fuel security,Auto-tagged (sector/keywords),,,
P179,RONAdapt II Pipeline (Proposed),Energy Efficiency in the Water Sector,Monitoring & evaluation,Monitoring & evaluation,Energy,Nationwide,,,,"GCF, UNDP",0.05,2035,2040,Phase 3 (Long-term),Proposed,Seeking funding,,Energy & fuel security,Auto-tagged (sector/keywords),,,
P180,RONAdapt II Pipeline (Proposed),Energy Efficiency in the Water Sector,Phase 2 contingency,Phase 2 contingency,Energy,Nationwide,,,,Mixed,0.1,2035,2040,Phase 3 (Long-term),Proposed,Seeking funding,,Energy & fuel security,Auto-tagged (sector/keywords),,,
P181,RONAdapt II Pipeline (Proposed),Energy Efficiency in the Water Sector,Water–Energy Efficiency Unit,Water–Energy Efficiency Unit,Energy,Nationwide,,,,"GCF, ADB, UNDP",0.2,,,,Proposed,Seeking funding,,Energy & fuel security,Auto-tagged (sector/keywords),,,
P182,RONAdapt II Pipeline (Proposed),Energy Efficiency in the Water Sector,Expansion of renewable power to majority supply,Expansion of renewable power to majority supply,Energy,Nationwide,,,,"ADB, GCF, EU",0.3,,,,Proposed,Seeking funding,,Energy & fuel security,Auto-tagged (sector/keywords),,,
P183,RONAdapt II Pipeline (Proposed),Energy Efficiency in the Water Sector,Efficiency standards in legislation,Efficiency standards in legislation,Energy,Nationwide,,,,"SPREP, Government",0.05,,,,Proposed,Seeking funding,,Energy & fuel security,Auto-tagged (sector/keywords),,,
P184,RONAdapt II Pipeline (Proposed),Energy Efficiency in the Water Sector,Climate finance linkages & sustainability mechanisms,Climate finance linkages & sustainability mechanisms,Energy,Nationwide,,,,"UNDP, ADB",0.1,,,,Proposed,Seeking funding,,Energy & fuel security,Auto-tagged (sector/keywords),,,
P185,RONAdapt II Pipeline (Proposed),Energy Efficiency in the Water Sector,National knowledge-sharing & regional exchanges,National knowledge-sharing & regional exchanges,Energy,Nationwide,,,,"SPC, SPREP",0.1,,,,Proposed,Seeking funding,,Energy & fuel security,Auto-tagged (sector/keywords),,,
P186,RONAdapt II Pipeline (Proposed),Energy Efficiency in the Water Sector,Monitoring & evaluation,Monitoring & evaluation,Energy,Nationwide,,,,"GCF, UNDP",0.05,,,,Proposed,Seeking funding,,Energy & fuel security,Auto-tagged (sector/keywords),,,
P187,RONAdapt II Pipeline (Proposed),Energy Efficiency in the Water Sector,Phase 3 contingency,Phase 3 contingency,Energy,Nationwide,,,,Mixed,0.05,,,,Proposed,Seeking funding,,Energy & fuel security,Auto-tagged (sector/keywords),,,
P188,RONAdapt II Pipeline (Proposed),Strengthening Climate-Health Resilience through Epidemiological Research and Health Information Systems,Baseline epidemiological studies,Baseline epidemiological studies,Health,Nationwide,,,,"WHO, GCF, SPC",0.3,2027,2035,Phase 2 (Medium-term),Proposed,Seeking funding,,Climate-health risks,Auto-tagged (sector/keywords),,,
P189,RONAdapt II Pipeline (Proposed),Strengthening Climate-Health Resilience through Epidemiological Research and Health Information Systems,Health data collection & monitoring tools,Health data collection & monitoring tools,Health,Nationwide,,,,"SPC, WHO, DFAT",0.2,2027,2035,Phase 2 (Medium-term),Proposed,Seeking funding,,Climate-health risks,Auto-tagged (sector/keywords),,,
P190,RONAdapt II Pipeline (Proposed),Strengthening Climate-Health Resilience through Epidemiological Research and Health Information Systems,Training of health workers & technicians,Training of health workers & technicians,Health,Nationwide,,,,"DFAT, MFAT, JICA",0.15,2027,2035,Phase 2 (Medium-term),Proposed,Seeking funding,,Climate-health risks,Auto-tagged (sector/keywords),,,
P191,RONAdapt II Pipeline (Proposed),Strengthening Climate-Health Resilience through Epidemiological Research and Health Information Systems,Vulnerability & risk assessment reports,Vulnerability & risk assessment reports,Health,Nationwide,,,,"UNDP, AF",0.1,2027,2035,Phase 2 (Medium-term),Proposed,Seeking funding,,Climate-health risks,Auto-tagged (sector/keywords),,,
P192,RONAdapt II Pipeline (Proposed),Strengthening Climate-Health Resilience through Epidemiological Research and Health Information Systems,Monitoring & evaluation,Monitoring & evaluation,Health,Nationwide,,,,"GCF, WHO",0.05,2027,2035,Phase 2 (Medium-term),Proposed,Seeking funding,,Climate-health risks,Auto-tagged (sector/keywords),,,
P193,RONAdapt II Pipeline (Proposed),Strengthening Climate-Health Resilience through Epidemiological Research and Health Information Systems,Phase 1 contingency,Phase 1 contingency,Health,Nationwide,,,,Mixed,0.04,2027,2035,Phase 2 (Medium-term),Proposed,Seeking funding,,Climate-health risks,Auto-tagged (sector/keywords),,,
P194,RONAdapt II Pipeline (Proposed),Strengthening Climate-Health Resilience through Epidemiological Research and Health Information Systems,Expansion of surveillance systems,Expansion of surveillance systems,Health,Nationwide,,,,"GCF, AF, WHO",0.4,2035,2040,Phase 3 (Long-term),Proposed,Seeking funding,,Climate-health risks,Auto-tagged (sector/keywords),,,
P195,RONAdapt II Pipeline (Proposed),Strengthening Climate-Health Resilience through Epidemiological Research and Health Information Systems,Integration of climate data into health monitoring,Integration of climate data into health monitoring,Health,Nationwide,,,,"SPC, UNDP",0.3,2035,2040,Phase 3 (Long-term),Proposed,Seeking funding,,Climate-health risks,Auto-tagged (sector/keywords),,,
P196,RONAdapt II Pipeline (Proposed),Strengthening Climate-Health Resilience through Epidemiological Research and Health Information Systems,Research on disease vectors & transmission pathways,Research on disease vectors & transmission pathways,Health,Nationwide,,,,"WHO, CSIRO, Universities",0.3,2035,2040,Phase 3 (Long-term),Proposed,Seeking funding,,Climate-health risks,Auto-tagged (sector/keywords),,,
P197,RONAdapt II Pipeline (Proposed),Strengthening Climate-Health Resilience through Epidemiological Research and Health Information Systems,Early-warning systems for outbreaks,Early-warning systems for outbreaks,Health,Nationwide,,,,"GCF, SPC",0.2,2035,2040,Phase 3 (Long-term),Proposed,Seeking funding,,Climate-health risks,Auto-tagged (sector/keywords),,,
P198,RONAdapt II Pipeline (Proposed),Strengthening Climate-Health Resilience through Epidemiological Research and Health Information Systems,Prevention & awareness campaigns,Prevention & awareness campaigns,Health,Nationwide,,,,"UNICEF, MFAT",0.15,2035,2040,Phase 3 (Long-term),Proposed,Seeking funding,,Climate-health risks,Auto-tagged (sector/keywords),,,
P199,RONAdapt II Pipeline (Proposed),Strengthening Climate-Health Resilience through Epidemiological Research and Health Information Systems,Monitoring & evaluation,Monitoring & evaluation,Health,Nationwide,,,,"WHO, SPC",0.1,2035,2040,Phase 3 (Long-term),Proposed,Seeking funding,,Climate-health risks,Auto-tagged (sector/keywords),,,
P200,RONAdapt II Pipeline (Proposed),Strengthening Climate-Health Resilience through Epidemiological Research and Health Information Systems,Phase 2 contingency,Phase 2 contingency,Health,Nationwide,,,,Mixed,0.075,2035,2040,Phase 3 (Long-term),Proposed,Seeking funding,,Climate-health risks,Auto-tagged (sector/keywords),,,
P201,RONAdapt II Pipeline (Proposed),Strengthening Climate-Health Resilience through Epidemiological Research and Health Information Systems,Climate–Health Surveillance Unit,Climate–Health Surveillance Unit,Health,Nationwide,,,,"GCF, WHO, UNDP",0.8,,,,Proposed,Seeking funding,,Climate-health risks,Auto-tagged (sector/keywords),,,
P202,RONAdapt II Pipeline (Proposed),Strengthening Climate-Health Resilience through Epidemiological Research and Health Information Systems,Integration into national health policy & legislation,Integration into national health policy & legislation,Health,Nationwide,,,,"Government of Nauru, UNDP",0.25,,,,Proposed,Seeking funding,,Climate-health risks,Auto-tagged (sector/keywords),,,
P203,RONAdapt II Pipeline (Proposed),Strengthening Climate-Health Resilience through Epidemiological Research and Health Information Systems,National health–climate database,National health–climate database,Health,Nationwide,,,,"SPC, WHO",0.4,,,,Proposed,Seeking funding,,Climate-health risks,Auto-tagged (sector/keywords),,,
P204,RONAdapt II Pipeline (Proposed),Strengthening Climate-Health Resilience through Epidemiological Research and Health Information Systems,Regional collaboration & knowledge sharing,Regional collaboration & knowledge sharing,Health,Nationwide,,,,"SPC, WHO, DFAT",0.2,,,,Proposed,Seeking funding,,Climate-health risks,Auto-tagged (sector/keywords),,,
P205,RONAdapt II Pipeline (Proposed),Strengthening Climate-Health Resilience through Epidemiological Research and Health Information Systems,Long-term financing mechanisms,Long-term financing mechanisms,Health,Nationwide,,,,"GCF, AF, ADB",0.2,,,,Proposed,Seeking funding,,Climate-health risks,Auto-tagged (sector/keywords),,,
P206,RONAdapt II Pipeline (Proposed),Strengthening Climate-Health Resilience through Epidemiological Research and Health Information Systems,Monitoring & evaluation,Monitoring & evaluation,Health,Nationwide,,,,"WHO, UNDP",0.1,,,,Proposed,Seeking funding,,Climate-health risks,Auto-tagged (sector/keywords),,,
P207,RONAdapt II Pipeline (Proposed),Strengthening Climate-Health Resilience through Epidemiological Research and Health Information Systems,Phase 3 contingency,Phase 3 contingency,Health,Nationwide,,,,Mixed,0.1,,,,Proposed,Seeking funding,,Climate-health risks,Auto-tagged (sector/keywords),,,
P208,RONAdapt II Pipeline (Proposed),Energy Legislation and Reform Program,Legislative drafting & legal experts,Legislative drafting & legal experts,Energy,Nationwide,,,,"UNDP, ADB",0.3,2027,2035,Phase 2 (Medium-term),Proposed,Seeking funding,,Energy & fuel security,Auto-tagged (sector/keywords),,,
P209,RONAdapt II Pipeline (Proposed),Energy Legislation and Reform Program,Institutional mapping & impact assessments,Institutional mapping & impact assessments,Energy,Nationwide,,,,"WB, GEF",0.15,2027,2035,Phase 2 (Medium-term),Proposed,Seeking funding,,Energy & fuel security,Auto-tagged (sector/keywords),,,
P210,RONAdapt II Pipeline (Proposed),Energy Legislation and Reform Program,Secondary regulations,Secondary regulations,Energy,Nationwide,,,,"ADB, SPC",0.25,2027,2035,Phase 2 (Medium-term),Proposed,Seeking funding,,Energy & fuel security,Auto-tagged (sector/keywords),,,
P211,RONAdapt II Pipeline (Proposed),Energy Legislation and Reform Program,Stakeholder consultations & parliamentary engagement,Stakeholder consultations & parliamentary engagement,Energy,Nationwide,,,,"DFAT, MFAT, EU",0.2,2027,2035,Phase 2 (Medium-term),Proposed,Seeking funding,,Energy & fuel security,Auto-tagged (sector/keywords),,,
P212,RONAdapt II Pipeline (Proposed),Energy Legislation and Reform Program,MEPS & labelling frameworks,MEPS & labelling frameworks,Energy,Nationwide,,,,"EU, GCF",0.2,2027,2035,Phase 2 (Medium-term),Proposed,Seeking funding,,Energy & fuel security,Auto-tagged (sector/keywords),,,
P213,RONAdapt II Pipeline (Proposed),Energy Legislation and Reform Program,M&E setup,M&E setup,Energy,Nationwide,,,,UNDP,0.1,2027,2035,Phase 2 (Medium-term),Proposed,Seeking funding,,Energy & fuel security,Auto-tagged (sector/keywords),,,
P214,RONAdapt II Pipeline (Proposed),Energy Legislation and Reform Program,Phase 1 contingency,Phase 1 contingency,Energy,Nationwide,,,,Mixed,0.06,2027,2035,Phase 2 (Medium-term),Proposed,Seeking funding,,Energy & fuel security,Auto-tagged (sector/keywords),,,
P215,RONAdapt II Pipeline (Proposed),Energy Legislation and Reform Program,Establish/strengthen regulator function,Establish/strengthen regulator function,Energy,Nationwide,,,,"ADB, WB",0.5,2035,2040,Phase 3 (Long-term),Proposed,Seeking funding,,Energy & fuel security,Auto-tagged (sector/keywords),,,
P216,RONAdapt II Pipeline (Proposed),Energy Legislation and Reform Program,Tariff methodology adoption & lifeline provisions,Tariff methodology adoption & lifeline provisions,Energy,Nationwide,,,,"ADB, PSDI",0.25,2035,2040,Phase 3 (Long-term),Proposed,Seeking funding,,Energy & fuel security,Auto-tagged (sector/keywords),,,
P217,RONAdapt II Pipeline (Proposed),Energy Legislation and Reform Program,Compliance & enforcement mechanisms,Compliance & enforcement mechanisms,Energy,Nationwide,,,,"EU, SPC",0.2,2035,2040,Phase 3 (Long-term),Proposed,Seeking funding,,Energy & fuel security,Auto-tagged (sector/keywords),,,
P218,RONAdapt II Pipeline (Proposed),Energy Legislation and Reform Program,"Model PPAs, procurement templates, digital licensing registry","Model PPAs, procurement templates, digital licensing registry",Energy,Nationwide,,,,"IFC, ADB",0.3,2035,2040,Phase 3 (Long-term),Proposed,Seeking funding,,Energy & fuel security,Auto-tagged (sector/keywords),,,
P219,RONAdapt II Pipeline (Proposed),Energy Legislation and Reform Program,Capacity building & training,Capacity building & training,Energy,Nationwide,,,,"JICA, DFAT",0.25,2035,2040,Phase 3 (Long-term),Proposed,Seeking funding,,Energy & fuel security,Auto-tagged (sector/keywords),,,
P220,RONAdapt II Pipeline (Proposed),Energy Legislation and Reform Program,Consumer protection standards & audits,Consumer protection standards & audits,Energy,Nationwide,,,,"MFAT, SPREP",0.15,2035,2040,Phase 3 (Long-term),Proposed,Seeking funding,,Energy & fuel security,Auto-tagged (sector/keywords),,,
P221,RONAdapt II Pipeline (Proposed),Energy Legislation and Reform Program,Monitoring & evaluation,Monitoring & evaluation,Energy,Nationwide,,,,UNDP,0.1,2035,2040,Phase 3 (Long-term),Proposed,Seeking funding,,Energy & fuel security,Auto-tagged (sector/keywords),,,
P222,RONAdapt II Pipeline (Proposed),Energy Legislation and Reform Program,Phase 2 contingency,Phase 2 contingency,Energy,Nationwide,,,,Mixed,0.09,2035,2040,Phase 3 (Long-term),Proposed,Seeking funding,,Energy & fuel security,Auto-tagged (sector/keywords),,,
P223,RONAdapt II Pipeline (Proposed),Energy Legislation and Reform Program,Legislative refresh & new tech integration,Legislative refresh & new tech integration,Energy,Nationwide,,,,"ADB, UNDP",0.3,,,,Proposed,Seeking funding,,Energy & fuel security,Auto-tagged (sector/keywords),,,
P224,RONAdapt II Pipeline (Proposed),Energy Legislation and Reform Program,Performance-based regulation pilots,Performance-based regulation pilots,Energy,Nationwide,,,,"ADB, WB",0.35,,,,Proposed,Seeking funding,,Energy & fuel security,Auto-tagged (sector/keywords),,,
P225,RONAdapt II Pipeline (Proposed),Energy Legislation and Reform Program,Long-term financing mechanisms,Long-term financing mechanisms,Energy,Nationwide,,,,"WB, ADB, EU",0.3,,,,Proposed,Seeking funding,,Energy & fuel security,Auto-tagged (sector/keywords),,,
P226,RONAdapt II Pipeline (Proposed),Energy Legislation and Reform Program,Regional harmonisation with OPERA & peer reviews,Regional harmonisation with OPERA & peer reviews,Energy,Nationwide,,,,"SPC, DFAT",0.2,,,,Proposed,Seeking funding,,Energy & fuel security,Auto-tagged (sector/keywords),,,
P227,RONAdapt II Pipeline (Proposed),Energy Legislation and Reform Program,National reporting & public dashboards,National reporting & public dashboards,Energy,Nationwide,,,,"UNDP, EU",0.15,,,,Proposed,Seeking funding,,Energy & fuel security,Auto-tagged (sector/keywords),,,
P228,RONAdapt II Pipeline (Proposed),Energy Legislation and Reform Program,Monitoring & evaluation,Monitoring & evaluation,Energy,Nationwide,,,,UNDP,0.1,,,,Proposed,Seeking funding,,Energy & fuel security,Auto-tagged (sector/keywords),,,
P229,RONAdapt II Pipeline (Proposed),Energy Legislation and Reform Program,Phase 3 contingency,Phase 3 contingency,Energy,Nationwide,,,,Mixed,0.075,,,,Proposed,Seeking funding,,Energy & fuel security,Auto-tagged (sector/keywords),,,
P230,RONAdapt II Pipeline (Proposed),Climate-Smart and Greening of Government Buildings and Offices,Climate-smart design & EIA,Climate-smart design & EIA,Housing & Community,Nationwide,,,,"UNDP, GCF, DFAT",0.2,2027,2035,Phase 2 (Medium-term),Proposed,Seeking funding,,General climate resilience,Auto-tagged (sector/keywords),,,
P231,RONAdapt II Pipeline (Proposed),Climate-Smart and Greening of Government Buildings and Offices,Core building construction,Core building construction,Housing & Community,Nationwide,,,,"DFAT, MFAT, JICA, ADB",1.2,2027,2035,Phase 2 (Medium-term),Proposed,Seeking funding,,General climate resilience,Auto-tagged (sector/keywords),,,
P232,RONAdapt II Pipeline (Proposed),Climate-Smart and Greening of Government Buildings and Offices,Renewable energy system,Renewable energy system,Housing & Community,Nationwide,,,,"EU, GCF, WB",0.25,2027,2035,Phase 2 (Medium-term),Proposed,Seeking funding,,General climate resilience,Auto-tagged (sector/keywords),,,
P233,RONAdapt II Pipeline (Proposed),Climate-Smart and Greening of Government Buildings and Offices,Water systems,Water systems,Housing & Community,Nationwide,,,,"SPREP, UNICEF, GCF",0.15,2027,2035,Phase 2 (Medium-term),Proposed,Seeking funding,,General climate resilience,Auto-tagged (sector/keywords),,,
P234,RONAdapt II Pipeline (Proposed),Climate-Smart and Greening of Government Buildings and Offices,Climate-smart fit-out,Climate-smart fit-out,Housing & Community,Nationwide,,,,"DFAT, MFAT",0.15,2027,2035,Phase 2 (Medium-term),Proposed,Seeking funding,,General climate resilience,Auto-tagged (sector/keywords),,,
P235,RONAdapt II Pipeline (Proposed),Climate-Smart and Greening of Government Buildings and Offices,Landscaping & resilience,Landscaping & resilience,Housing & Community,Nationwide,,,,"SPC, NGOs, SPREP",0.075,2027,2035,Phase 2 (Medium-term),Proposed,Seeking funding,,General climate resilience,Auto-tagged (sector/keywords),,,
P236,RONAdapt II Pipeline (Proposed),Climate-Smart and Greening of Government Buildings and Offices,Training & capacity building,Training & capacity building,Housing & Community,Nationwide,,,,"UNDP, SPC, SPREP",0.05,2027,2035,Phase 2 (Medium-term),Proposed,Seeking funding,,General climate resilience,Auto-tagged (sector/keywords),,,
P237,RONAdapt II Pipeline (Proposed),Climate-Smart and Greening of Government Buildings and Offices,Monitoring & evaluation,Monitoring & evaluation,Housing & Community,Nationwide,,,,"UNDP, GCF",0.05,2027,2035,Phase 2 (Medium-term),Proposed,Seeking funding,,General climate resilience,Auto-tagged (sector/keywords),,,
P238,RONAdapt II Pipeline (Proposed),Climate-Smart and Greening of Government Buildings and Offices,Phase 1 contingency,Phase 1 contingency,Housing & Community,Nationwide,,,,Mixed donors & Government,0.21,2027,2035,Phase 2 (Medium-term),Proposed,Seeking funding,,General climate resilience,Auto-tagged (sector/keywords),,,
P239,RONAdapt II Pipeline (Proposed),Climate-Smart and Greening of Government Buildings and Offices,Expansion of renewable energy,Expansion of renewable energy,Housing & Community,Nationwide,,,,"EU, GCF",0.2,2035,2040,Phase 3 (Long-term),Proposed,Seeking funding,,General climate resilience,Auto-tagged (sector/keywords),,,
P240,RONAdapt II Pipeline (Proposed),Climate-Smart and Greening of Government Buildings and Offices,Additional water efficiency & reuse systems,Additional water efficiency & reuse systems,Housing & Community,Nationwide,,,,"SPREP, UNICEF",0.1,2035,2040,Phase 3 (Long-term),Proposed,Seeking funding,,General climate resilience,Auto-tagged (sector/keywords),,,
P241,RONAdapt II Pipeline (Proposed),Climate-Smart and Greening of Government Buildings and Offices,Retrofitting adjacent government buildings,Retrofitting adjacent government buildings,Housing & Community,Nationwide,,,,"DFAT, ADB",0.25,2035,2040,Phase 3 (Long-term),Proposed,Seeking funding,,General climate resilience,Auto-tagged (sector/keywords),,,
P242,RONAdapt II Pipeline (Proposed),Climate-Smart and Greening of Government Buildings and Offices,Green building operations manuals,Green building operations manuals,Housing & Community,Nationwide,,,,UNDP,0.05,2035,2040,Phase 3 (Long-term),Proposed,Seeking funding,,General climate resilience,Auto-tagged (sector/keywords),,,
P243,RONAdapt II Pipeline (Proposed),Climate-Smart and Greening of Government Buildings and Offices,Formal staff training & certification,Formal staff training & certification,Housing & Community,Nationwide,,,,"JICA, SPC",0.075,2035,2040,Phase 3 (Long-term),Proposed,Seeking funding,,General climate resilience,Auto-tagged (sector/keywords),,,
P244,RONAdapt II Pipeline (Proposed),Climate-Smart and Greening of Government Buildings and Offices,National building efficiency guidelines,National building efficiency guidelines,Housing & Community,Nationwide,,,,"SPREP, UNEP",0.1,2035,2040,Phase 3 (Long-term),Proposed,Seeking funding,,General climate resilience,Auto-tagged (sector/keywords),,,
P245,RONAdapt II Pipeline (Proposed),Climate-Smart and Greening of Government Buildings and Offices,Monitoring & evaluation,Monitoring & evaluation,Housing & Community,Nationwide,,,,UNDP,0.05,2035,2040,Phase 3 (Long-term),Proposed,Seeking funding,,General climate resilience,Auto-tagged (sector/keywords),,,
P246,RONAdapt II Pipeline (Proposed),Climate-Smart and Greening of Government Buildings and Offices,Phase 2 contingency,Phase 2 contingency,Housing & Community,Nationwide,,,,Mixed,0.085,2035,2040,Phase 3 (Long-term),Proposed,Seeking funding,,General climate resilience,Auto-tagged (sector/keywords),,,
P247,RONAdapt II Pipeline (Proposed),Climate-Smart and Greening of Government Buildings and Offices,Climate-smart building standards & codes,Climate-smart building standards & codes,Housing & Community,Nationwide,,,,"SPC, UNDP",0.2,,,,Proposed,Seeking funding,,General climate resilience,Auto-tagged (sector/keywords),,,
P248,RONAdapt II Pipeline (Proposed),Climate-Smart and Greening of Government Buildings and Offices,"Replication in schools, clinics & community facilities","Replication in schools, clinics & community facilities",Housing & Community,Nationwide,,,,"DFAT, ADB",0.25,,,,Proposed,Seeking funding,,General climate resilience,Auto-tagged (sector/keywords),,,
P249,RONAdapt II Pipeline (Proposed),Climate-Smart and Greening of Government Buildings and Offices,Integration into procurement frameworks,Integration into procurement frameworks,Housing & Community,Nationwide,,,,"EU, WB",0.1,,,,Proposed,Seeking funding,,General climate resilience,Auto-tagged (sector/keywords),,,
P250,RONAdapt II Pipeline (Proposed),Climate-Smart and Greening of Government Buildings and Offices,Regional knowledge sharing & case studies,Regional knowledge sharing & case studies,Housing & Community,Nationwide,,,,"SPC, SPREP",0.1,,,,Proposed,Seeking funding,,General climate resilience,Auto-tagged (sector/keywords),,,
P251,RONAdapt II Pipeline (Proposed),Climate-Smart and Greening of Government Buildings and Offices,Long-term financing provisions,Long-term financing provisions,Housing & Community,Nationwide,,,,"GCF, AF",0.1,,,,Proposed,Seeking funding,,General climate resilience,Auto-tagged (sector/keywords),,,
P252,RONAdapt II Pipeline (Proposed),Climate-Smart and Greening of Government Buildings and Offices,Monitoring & evaluation,Monitoring & evaluation,Housing & Community,Nationwide,,,,UNDP,0.05,,,,Proposed,Seeking funding,,General climate resilience,Auto-tagged (sector/keywords),,,
P253,RONAdapt II Pipeline (Proposed),Climate-Smart and Greening of Government Buildings and Offices,Phase 3 contingency,Phase 3 contingency,Housing & Community,Nationwide,,,,Mixed,0.08,,,,Proposed,Seeking funding,,General climate resilience,Auto-tagged (sector/keywords),,,
P254,RONAdapt II Pipeline (Proposed),Climate Smart Agriculture and Land/Soil Productivity Rehabilitation,Compost hubs & soil amendment systems,Compost hubs & soil amendment systems,Agriculture & Food,Nationwide,,,,"SPC, FAO, NGOs",0.5,2027,2035,Phase 2 (Medium-term),Proposed,Seeking funding,,Food insecurity,Auto-tagged (sector/keywords),,,
P255,RONAdapt II Pipeline (Proposed),Climate Smart Agriculture and Land/Soil Productivity Rehabilitation,Agroforestry demonstration plots & nurseries,Agroforestry demonstration plots & nurseries,Agriculture & Food,Nationwide,,,,"SPREP, FAO, GEF",0.6,2027,2035,Phase 2 (Medium-term),Proposed,Seeking funding,,Food insecurity,Auto-tagged (sector/keywords),,,
P256,RONAdapt II Pipeline (Proposed),Climate Smart Agriculture and Land/Soil Productivity Rehabilitation,Demonstration farms,Demonstration farms,Agriculture & Food,Nationwide,,,,"IFAD, DFAT, MFAT",0.5,2027,2035,Phase 2 (Medium-term),Proposed,Seeking funding,,Food insecurity,Auto-tagged (sector/keywords),,,
P257,RONAdapt II Pipeline (Proposed),Climate Smart Agriculture and Land/Soil Productivity Rehabilitation,Household livestock starter kits & feed gardens,Household livestock starter kits & feed gardens,Agriculture & Food,Nationwide,,,,"FAO, IFAD",0.4,2027,2035,Phase 2 (Medium-term),Proposed,Seeking funding,,Food insecurity,Auto-tagged (sector/keywords),,,
P258,RONAdapt II Pipeline (Proposed),Climate Smart Agriculture and Land/Soil Productivity Rehabilitation,Training & awareness programmes,Training & awareness programmes,Agriculture & Food,Nationwide,,,,"FAO, SPC, NGOs",0.3,2027,2035,Phase 2 (Medium-term),Proposed,Seeking funding,,Food insecurity,Auto-tagged (sector/keywords),,,
P259,RONAdapt II Pipeline (Proposed),Climate Smart Agriculture and Land/Soil Productivity Rehabilitation,Monitoring & evaluation,Monitoring & evaluation,Agriculture & Food,Nationwide,,,,"UNDP, SPC",0.1,2027,2035,Phase 2 (Medium-term),Proposed,Seeking funding,,Food insecurity,Auto-tagged (sector/keywords),,,
P260,RONAdapt II Pipeline (Proposed),Climate Smart Agriculture and Land/Soil Productivity Rehabilitation,Phase 1 contingency,Phase 1 contingency,Agriculture & Food,Nationwide,,,,Mixed,0.24,2027,2035,Phase 2 (Medium-term),Proposed,Seeking funding,,Food insecurity,Auto-tagged (sector/keywords),,,
P261,RONAdapt II Pipeline (Proposed),Climate Smart Agriculture and Land/Soil Productivity Rehabilitation,Expansion of compost hubs,Expansion of compost hubs,Agriculture & Food,Nationwide,,,,"GCF, SPC",0.6,2035,2040,Phase 3 (Long-term),Proposed,Seeking funding,,Food insecurity,Auto-tagged (sector/keywords),,,
P262,RONAdapt II Pipeline (Proposed),Climate Smart Agriculture and Land/Soil Productivity Rehabilitation,Agroforestry corridors & planting campaigns,Agroforestry corridors & planting campaigns,Agriculture & Food,Nationwide,,,,"SPREP, GEF",0.9,2035,2040,Phase 3 (Long-term),Proposed,Seeking funding,,Food insecurity,Auto-tagged (sector/keywords),,,
P263,RONAdapt II Pipeline (Proposed),Climate Smart Agriculture and Land/Soil Productivity Rehabilitation,Expanded irrigation & fodder banks,Expanded irrigation & fodder banks,Agriculture & Food,Nationwide,,,,"IFAD, MFAT, DFAT",0.6,2035,2040,Phase 3 (Long-term),Proposed,Seeking funding,,Food insecurity,Auto-tagged (sector/keywords),,,
P264,RONAdapt II Pipeline (Proposed),Climate Smart Agriculture and Land/Soil Productivity Rehabilitation,Traditional crop revival,Traditional crop revival,Agriculture & Food,Nationwide,,,,"SPC, NGOs",0.4,2035,2040,Phase 3 (Long-term),Proposed,Seeking funding,,Food insecurity,Auto-tagged (sector/keywords),,,
P265,RONAdapt II Pipeline (Proposed),Climate Smart Agriculture and Land/Soil Productivity Rehabilitation,Strengthening extension services,Strengthening extension services,Agriculture & Food,Nationwide,,,,"FAO, SPC",0.35,2035,2040,Phase 3 (Long-term),Proposed,Seeking funding,,Food insecurity,Auto-tagged (sector/keywords),,,
P266,RONAdapt II Pipeline (Proposed),Climate Smart Agriculture and Land/Soil Productivity Rehabilitation,Farmer certification & training,Farmer certification & training,Agriculture & Food,Nationwide,,,,"UNDP, FAO",0.2,2035,2040,Phase 3 (Long-term),Proposed,Seeking funding,,Food insecurity,Auto-tagged (sector/keywords),,,
P267,RONAdapt II Pipeline (Proposed),Climate Smart Agriculture and Land/Soil Productivity Rehabilitation,Small-scale biogas pilots,Small-scale biogas pilots,Agriculture & Food,Nationwide,,,,"GEF SGP, NGOs",0.2,2035,2040,Phase 3 (Long-term),Proposed,Seeking funding,,Food insecurity,Auto-tagged (sector/keywords),,,
P268,RONAdapt II Pipeline (Proposed),Climate Smart Agriculture and Land/Soil Productivity Rehabilitation,Monitoring & evaluation,Monitoring & evaluation,Agriculture & Food,Nationwide,,,,UNDP,0.1,2035,2040,Phase 3 (Long-term),Proposed,Seeking funding,,Food insecurity,Auto-tagged (sector/keywords),,,
P269,RONAdapt II Pipeline (Proposed),Climate Smart Agriculture and Land/Soil Productivity Rehabilitation,Phase 2 contingency,Phase 2 contingency,Agriculture & Food,Nationwide,,,,Mixed,0.335,2035,2040,Phase 3 (Long-term),Proposed,Seeking funding,,Food insecurity,Auto-tagged (sector/keywords),,,
P270,RONAdapt II Pipeline (Proposed),Climate Smart Agriculture and Land/Soil Productivity Rehabilitation,Large-scale agroforestry corridors & biodiversity,Large-scale agroforestry corridors & biodiversity,Agriculture & Food,Nationwide,,,,"GCF, FAO",0.6,,,,Proposed,Seeking funding,,Food insecurity,Auto-tagged (sector/keywords),,,
P271,RONAdapt II Pipeline (Proposed),Climate Smart Agriculture and Land/Soil Productivity Rehabilitation,National land-use & policy frameworks,National land-use & policy frameworks,Agriculture & Food,Nationwide,,,,"SPC, UNDP",0.25,,,,Proposed,Seeking funding,,Food insecurity,Auto-tagged (sector/keywords),,,
P272,RONAdapt II Pipeline (Proposed),Climate Smart Agriculture and Land/Soil Productivity Rehabilitation,National farmer training centre & seed banks,National farmer training centre & seed banks,Agriculture & Food,Nationwide,,,,"DFAT, FAO",0.3,,,,Proposed,Seeking funding,,Food insecurity,Auto-tagged (sector/keywords),,,
P273,RONAdapt II Pipeline (Proposed),Climate Smart Agriculture and Land/Soil Productivity Rehabilitation,Long-term financing mechanisms,Long-term financing mechanisms,Agriculture & Food,Nationwide,,,,"GCF, AF",0.2,,,,Proposed,Seeking funding,,Food insecurity,Auto-tagged (sector/keywords),,,
P274,RONAdapt II Pipeline (Proposed),Climate Smart Agriculture and Land/Soil Productivity Rehabilitation,Regional knowledge sharing & case studies,Regional knowledge sharing & case studies,Agriculture & Food,Nationwide,,,,"SPC, SPREP",0.15,,,,Proposed,Seeking funding,,Food insecurity,Auto-tagged (sector/keywords),,,
P275,RONAdapt II Pipeline (Proposed),Climate Smart Agriculture and Land/Soil Productivity Rehabilitation,Monitoring & evaluation,Monitoring & evaluation,Agriculture & Food,Nationwide,,,,UNDP,0.1,,,,Proposed,Seeking funding,,Food insecurity,Auto-tagged (sector/keywords),,,
P276,RONAdapt II Pipeline (Proposed),Climate Smart Agriculture and Land/Soil Productivity Rehabilitation,Phase 3 contingency,Phase 3 contingency,Agriculture & Food,Nationwide,,,,Mixed,0.16,,,,Proposed,Seeking funding,,Food insecurity,Auto-tagged (sector/keywords),,,
P277,RONAdapt II Pipeline (Proposed),Management of Waste for Reduction of Emissions,"Recycling workshops, machinery & installation","Recycling workshops, machinery & installation",Waste Management,Nationwide,,,,"JICA, GEF SGP",0.8,2027,2035,Phase 2 (Medium-term),Proposed,Seeking funding,,Land & marine environment,Auto-tagged (sector/keywords),,,
P278,RONAdapt II Pipeline (Proposed),Management of Waste for Reduction of Emissions,Community collection systems & awareness,Community collection systems & awareness,Waste Management,Nationwide,,,,"EU, NGOs",0.2,2027,2035,Phase 2 (Medium-term),Proposed,Seeking funding,,Land & marine environment,Auto-tagged (sector/keywords),,,
P279,RONAdapt II Pipeline (Proposed),Management of Waste for Reduction of Emissions,Training & safety workshops,Training & safety workshops,Waste Management,Nationwide,,,,"JICA, SPC",0.15,2027,2035,Phase 2 (Medium-term),Proposed,Seeking funding,,Land & marine environment,Auto-tagged (sector/keywords),,,
P280,RONAdapt II Pipeline (Proposed),Management of Waste for Reduction of Emissions,"Product design, mould fabrication, innovation support","Product design, mould fabrication, innovation support",Waste Management,Nationwide,,,,JICA,0.1,2027,2035,Phase 2 (Medium-term),Proposed,Seeking funding,,Land & marine environment,Auto-tagged (sector/keywords),,,
P281,RONAdapt II Pipeline (Proposed),Management of Waste for Reduction of Emissions,Monitoring & evaluation,Monitoring & evaluation,Waste Management,Nationwide,,,,UNDP,0.05,2027,2035,Phase 2 (Medium-term),Proposed,Seeking funding,,Land & marine environment,Auto-tagged (sector/keywords),,,
P282,RONAdapt II Pipeline (Proposed),Management of Waste for Reduction of Emissions,Phase 1 contingency,Phase 1 contingency,Waste Management,Nationwide,,,,Mixed,0.13,2027,2035,Phase 2 (Medium-term),Proposed,Seeking funding,,Land & marine environment,Auto-tagged (sector/keywords),,,
P283,RONAdapt II Pipeline (Proposed),Management of Waste for Reduction of Emissions,Expansion of workshops & machinery,Expansion of workshops & machinery,Waste Management,Nationwide,,,,"ADB, JICA",0.5,2035,2040,Phase 3 (Long-term),Proposed,Seeking funding,,Land & marine environment,Auto-tagged (sector/keywords),,,
P284,RONAdapt II Pipeline (Proposed),Management of Waste for Reduction of Emissions,New product lines,New product lines,Waste Management,Nationwide,,,,"Private sector, JICA",0.25,2035,2040,Phase 3 (Long-term),Proposed,Seeking funding,,Land & marine environment,Auto-tagged (sector/keywords),,,
P285,RONAdapt II Pipeline (Proposed),Management of Waste for Reduction of Emissions,Transport & collection logistics,Transport & collection logistics,Waste Management,Nationwide,,,,EU,0.2,2035,2040,Phase 3 (Long-term),Proposed,Seeking funding,,Land & marine environment,Auto-tagged (sector/keywords),,,
P286,RONAdapt II Pipeline (Proposed),Management of Waste for Reduction of Emissions,Enterprise incubation & market support,Enterprise incubation & market support,Waste Management,Nationwide,,,,"UNDP, NGOs",0.15,2035,2040,Phase 3 (Long-term),Proposed,Seeking funding,,Land & marine environment,Auto-tagged (sector/keywords),,,
P287,RONAdapt II Pipeline (Proposed),Management of Waste for Reduction of Emissions,Training & awareness,Training & awareness,Waste Management,Nationwide,,,,GEF SGP,0.1,2035,2040,Phase 3 (Long-term),Proposed,Seeking funding,,Land & marine environment,Auto-tagged (sector/keywords),,,
P288,RONAdapt II Pipeline (Proposed),Management of Waste for Reduction of Emissions,Monitoring & evaluation,Monitoring & evaluation,Waste Management,Nationwide,,,,ADB,0.05,2035,2040,Phase 3 (Long-term),Proposed,Seeking funding,,Land & marine environment,Auto-tagged (sector/keywords),,,
P289,RONAdapt II Pipeline (Proposed),Management of Waste for Reduction of Emissions,Phase 2 contingency,Phase 2 contingency,Waste Management,Nationwide,,,,Mixed,0.125,2035,2040,Phase 3 (Long-term),Proposed,Seeking funding,,Land & marine environment,Auto-tagged (sector/keywords),,,
P290,RONAdapt II Pipeline (Proposed),Management of Waste for Reduction of Emissions,Curricula & training institute integration,Curricula & training institute integration,Waste Management,Nationwide,,,,"SPC, Ministry of Education",0.2,,,,Proposed,Seeking funding,,Land & marine environment,Auto-tagged (sector/keywords),,,
P291,RONAdapt II Pipeline (Proposed),Management of Waste for Reduction of Emissions,National recycling standards & certification,National recycling standards & certification,Waste Management,Nationwide,,,,"SPREP, EU",0.15,,,,Proposed,Seeking funding,,Land & marine environment,Auto-tagged (sector/keywords),,,
P292,RONAdapt II Pipeline (Proposed),Management of Waste for Reduction of Emissions,PPP establishment for recycling,PPP establishment for recycling,Waste Management,Nationwide,,,,"ADB, Private sector",0.15,,,,Proposed,Seeking funding,,Land & marine environment,Auto-tagged (sector/keywords),,,
P293,RONAdapt II Pipeline (Proposed),Management of Waste for Reduction of Emissions,Financing mechanisms,Financing mechanisms,Waste Management,Nationwide,,,,"Government, ADB",0.1,,,,Proposed,Seeking funding,,Land & marine environment,Auto-tagged (sector/keywords),,,
P294,RONAdapt II Pipeline (Proposed),Management of Waste for Reduction of Emissions,Regional knowledge sharing & case studies,Regional knowledge sharing & case studies,Waste Management,Nationwide,,,,SPREP,0.1,,,,Proposed,Seeking funding,,Land & marine environment,Auto-tagged (sector/keywords),,,
P295,RONAdapt II Pipeline (Proposed),Management of Waste for Reduction of Emissions,Monitoring & evaluation,Monitoring & evaluation,Waste Management,Nationwide,,,,UNDP,0.05,,,,Proposed,Seeking funding,,Land & marine environment,Auto-tagged (sector/keywords),,,
P296,RONAdapt II Pipeline (Proposed),Management of Waste for Reduction of Emissions,Phase 3 contingency,Phase 3 contingency,Waste Management,Nationwide,,,,Mixed,0.075,,,,Proposed,Seeking funding,,Land & marine environment,Auto-tagged (sector/keywords),,,
P297,RONAdapt II Pipeline (Proposed),Safeguarding Biodiversity: Invasive Species Eradication and Native Habitat Restoration,Invasive species eradication pilots,Invasive species eradication pilots,Environment & Biodiversity,Nationwide,,,,"DFAT, JICA",0.3,2027,2035,Phase 2 (Medium-term),Proposed,Seeking funding,,Land & marine environment,Auto-tagged (sector/keywords),,,
P298,RONAdapt II Pipeline (Proposed),Safeguarding Biodiversity: Invasive Species Eradication and Native Habitat Restoration,Native vegetation pilot plots,Native vegetation pilot plots,Environment & Biodiversity,Nationwide,,,,SPREP,0.35,2027,2035,Phase 2 (Medium-term),Proposed,Seeking funding,,Land & marine environment,Auto-tagged (sector/keywords),,,
P299,RONAdapt II Pipeline (Proposed),Safeguarding Biodiversity: Invasive Species Eradication and Native Habitat Restoration,Institutional capacity training,Institutional capacity training,Environment & Biodiversity,Nationwide,,,,"UNDP, SPC",0.15,2027,2035,Phase 2 (Medium-term),Proposed,Seeking funding,,Land & marine environment,Auto-tagged (sector/keywords),,,
P300,RONAdapt II Pipeline (Proposed),Safeguarding Biodiversity: Invasive Species Eradication and Native Habitat Restoration,Endemic species baseline monitoring,Endemic species baseline monitoring,Environment & Biodiversity,Nationwide,,,,"BirdLife, IUCN",0.1,2027,2035,Phase 2 (Medium-term),Proposed,Seeking funding,,Land & marine environment,Auto-tagged (sector/keywords),,,
P301,RONAdapt II Pipeline (Proposed),Safeguarding Biodiversity: Invasive Species Eradication and Native Habitat Restoration,Community awareness campaigns,Community awareness campaigns,Environment & Biodiversity,Nationwide,,,,"NGOs, GEF SGP",0.05,2027,2035,Phase 2 (Medium-term),Proposed,Seeking funding,,Land & marine environment,Auto-tagged (sector/keywords),,,
P302,RONAdapt II Pipeline (Proposed),Safeguarding Biodiversity: Invasive Species Eradication and Native Habitat Restoration,Phase 1 contingency,Phase 1 contingency,Environment & Biodiversity,Nationwide,,,,Mixed,0.095,2027,2035,Phase 2 (Medium-term),Proposed,Seeking funding,,Land & marine environment,Auto-tagged (sector/keywords),,,
P303,RONAdapt II Pipeline (Proposed),Safeguarding Biodiversity: Invasive Species Eradication and Native Habitat Restoration,Expansion of eradication campaigns,Expansion of eradication campaigns,Environment & Biodiversity,Nationwide,,,,"DFAT, JICA",0.35,2035,2040,Phase 3 (Long-term),Proposed,Seeking funding,,Land & marine environment,Auto-tagged (sector/keywords),,,
P304,RONAdapt II Pipeline (Proposed),Safeguarding Biodiversity: Invasive Species Eradication and Native Habitat Restoration,Community nurseries & planting campaigns,Community nurseries & planting campaigns,Environment & Biodiversity,Nationwide,,,,"SPREP, MFAT",0.5,2035,2040,Phase 3 (Long-term),Proposed,Seeking funding,,Land & marine environment,Auto-tagged (sector/keywords),,,
P305,RONAdapt II Pipeline (Proposed),Safeguarding Biodiversity: Invasive Species Eradication and Native Habitat Restoration,Scaling endemic species monitoring,Scaling endemic species monitoring,Environment & Biodiversity,Nationwide,,,,"IUCN, BirdLife",0.2,2035,2040,Phase 3 (Long-term),Proposed,Seeking funding,,Land & marine environment,Auto-tagged (sector/keywords),,,
P306,RONAdapt II Pipeline (Proposed),Safeguarding Biodiversity: Invasive Species Eradication and Native Habitat Restoration,Community stewardship programmes,Community stewardship programmes,Environment & Biodiversity,Nationwide,,,,"NGOs, GEF SGP",0.15,2035,2040,Phase 3 (Long-term),Proposed,Seeking funding,,Land & marine environment,Auto-tagged (sector/keywords),,,
P307,RONAdapt II Pipeline (Proposed),Safeguarding Biodiversity: Invasive Species Eradication and Native Habitat Restoration,Biodiversity data & GIS surveys,Biodiversity data & GIS surveys,Environment & Biodiversity,Nationwide,,,,"UNDP, SPC",0.15,2035,2040,Phase 3 (Long-term),Proposed,Seeking funding,,Land & marine environment,Auto-tagged (sector/keywords),,,
P308,RONAdapt II Pipeline (Proposed),Safeguarding Biodiversity: Invasive Species Eradication and Native Habitat Restoration,Phase 2 contingency,Phase 2 contingency,Environment & Biodiversity,Nationwide,,,,Mixed,0.135,2035,2040,Phase 3 (Long-term),Proposed,Seeking funding,,Land & marine environment,Auto-tagged (sector/keywords),,,
P309,RONAdapt II Pipeline (Proposed),Safeguarding Biodiversity: Invasive Species Eradication and Native Habitat Restoration,National policy integration & legislation,National policy integration & legislation,Environment & Biodiversity,Nationwide,,,,"UNDP, SPC",0.2,,,,Proposed,Seeking funding,,Land & marine environment,Auto-tagged (sector/keywords),,,
P310,RONAdapt II Pipeline (Proposed),Safeguarding Biodiversity: Invasive Species Eradication and Native Habitat Restoration,Long-term financing mechanisms,Long-term financing mechanisms,Environment & Biodiversity,Nationwide,,,,"GCF, AF",0.2,,,,Proposed,Seeking funding,,Land & marine environment,Auto-tagged (sector/keywords),,,
P311,RONAdapt II Pipeline (Proposed),Safeguarding Biodiversity: Invasive Species Eradication and Native Habitat Restoration,Endemic species long-term monitoring,Endemic species long-term monitoring,Environment & Biodiversity,Nationwide,,,,"BirdLife, IUCN",0.15,,,,Proposed,Seeking funding,,Land & marine environment,Auto-tagged (sector/keywords),,,
P312,RONAdapt II Pipeline (Proposed),Safeguarding Biodiversity: Invasive Species Eradication and Native Habitat Restoration,Regional knowledge exchange,Regional knowledge exchange,Environment & Biodiversity,Nationwide,,,,"SPREP, IUCN",0.1,,,,Proposed,Seeking funding,,Land & marine environment,Auto-tagged (sector/keywords),,,
P313,RONAdapt II Pipeline (Proposed),Safeguarding Biodiversity: Invasive Species Eradication and Native Habitat Restoration,Community education & ongoing awareness,Community education & ongoing awareness,Environment & Biodiversity,Nationwide,,,,NGOs,0.05,,,,Proposed,Seeking funding,,Land & marine environment,Auto-tagged (sector/keywords),,,
P314,RONAdapt II Pipeline (Proposed),Safeguarding Biodiversity: Invasive Species Eradication and Native Habitat Restoration,Phase 3 contingency,Phase 3 contingency,Environment & Biodiversity,Nationwide,,,,Mixed,0.07,,,,Proposed,Seeking funding,,Land & marine environment,Auto-tagged (sector/keywords),,,
P315,RONAdapt II Pipeline (Proposed),Nauru-Wide Disaster Risk Vulnerability Assessment,Hazard mapping,Hazard mapping,Disaster Risk Reduction,Nationwide,,,,"SPC, SPREP, UNDP",0.5,2027,2035,Phase 2 (Medium-term),Proposed,Seeking funding,,Multi-hazard preparedness,Auto-tagged (sector/keywords),,,
P316,RONAdapt II Pipeline (Proposed),Nauru-Wide Disaster Risk Vulnerability Assessment,Vulnerability surveys,Vulnerability surveys,Disaster Risk Reduction,Nationwide,,,,"DFAT, MFAT, EU",0.4,2027,2035,Phase 2 (Medium-term),Proposed,Seeking funding,,Multi-hazard preparedness,Auto-tagged (sector/keywords),,,
P317,RONAdapt II Pipeline (Proposed),Nauru-Wide Disaster Risk Vulnerability Assessment,Community engagement & awareness,Community engagement & awareness,Disaster Risk Reduction,Nationwide,,,,"NGOs, GEF SGP",0.1,2027,2035,Phase 2 (Medium-term),Proposed,Seeking funding,,Multi-hazard preparedness,Auto-tagged (sector/keywords),,,
P318,RONAdapt II Pipeline (Proposed),Nauru-Wide Disaster Risk Vulnerability Assessment,Phase 1 contingency,Phase 1 contingency,Disaster Risk Reduction,Nationwide,,,,Mixed,0.1,2027,2035,Phase 2 (Medium-term),Proposed,Seeking funding,,Multi-hazard preparedness,Auto-tagged (sector/keywords),,,
P319,RONAdapt II Pipeline (Proposed),Nauru-Wide Disaster Risk Vulnerability Assessment,Capacity building workshops,Capacity building workshops,Disaster Risk Reduction,Nationwide,,,,"ADB, World Bank",0.3,2035,2040,Phase 3 (Long-term),Proposed,Seeking funding,,Multi-hazard preparedness,Auto-tagged (sector/keywords),,,
P320,RONAdapt II Pipeline (Proposed),Nauru-Wide Disaster Risk Vulnerability Assessment,Expanded hazard mapping & modelling,Expanded hazard mapping & modelling,Disaster Risk Reduction,Nationwide,,,,"SPC, SPREP",0.4,2035,2040,Phase 3 (Long-term),Proposed,Seeking funding,,Multi-hazard preparedness,Auto-tagged (sector/keywords),,,
P321,RONAdapt II Pipeline (Proposed),Nauru-Wide Disaster Risk Vulnerability Assessment,Evacuation pathway mapping & safe-site integration,Evacuation pathway mapping & safe-site integration,Disaster Risk Reduction,Nationwide,,,,"ADB, DFAT, EU",0.25,2035,2040,Phase 3 (Long-term),Proposed,Seeking funding,,Multi-hazard preparedness,Auto-tagged (sector/keywords),,,
P322,RONAdapt II Pipeline (Proposed),Nauru-Wide Disaster Risk Vulnerability Assessment,Policy briefs & dissemination,Policy briefs & dissemination,Disaster Risk Reduction,Nationwide,,,,"Government, UNDP",0.1,2035,2040,Phase 3 (Long-term),Proposed,Seeking funding,,Multi-hazard preparedness,Auto-tagged (sector/keywords),,,
P323,RONAdapt II Pipeline (Proposed),Nauru-Wide Disaster Risk Vulnerability Assessment,Monitoring & evaluation,Monitoring & evaluation,Disaster Risk Reduction,Nationwide,,,,"ADB, UNDP",0.1,2035,2040,Phase 3 (Long-term),Proposed,Seeking funding,,Multi-hazard preparedness,Auto-tagged (sector/keywords),,,
P324,RONAdapt II Pipeline (Proposed),Nauru-Wide Disaster Risk Vulnerability Assessment,Phase 2 contingency,Phase 2 contingency,Disaster Risk Reduction,Nationwide,,,,Mixed,0.115,2035,2040,Phase 3 (Long-term),Proposed,Seeking funding,,Multi-hazard preparedness,Auto-tagged (sector/keywords),,,
P325,RONAdapt II Pipeline (Proposed),Nauru-Wide Disaster Risk Vulnerability Assessment,Policy integration & institutionalisation,Policy integration & institutionalisation,Disaster Risk Reduction,Nationwide,,,,"UNDP, SPC",0.2,,,,Proposed,Seeking funding,,Multi-hazard preparedness,Auto-tagged (sector/keywords),,,
P326,RONAdapt II Pipeline (Proposed),Nauru-Wide Disaster Risk Vulnerability Assessment,National disaster risk & evacuation database,National disaster risk & evacuation database,Disaster Risk Reduction,Nationwide,,,,"World Bank, ADB",0.2,,,,Proposed,Seeking funding,,Multi-hazard preparedness,Auto-tagged (sector/keywords),,,
P327,RONAdapt II Pipeline (Proposed),Nauru-Wide Disaster Risk Vulnerability Assessment,Long-term financing mechanisms,Long-term financing mechanisms,Disaster Risk Reduction,Nationwide,,,,"GCF, AF",0.1,,,,Proposed,Seeking funding,,Multi-hazard preparedness,Auto-tagged (sector/keywords),,,
P328,RONAdapt II Pipeline (Proposed),Nauru-Wide Disaster Risk Vulnerability Assessment,Community drills & ongoing awareness,Community drills & ongoing awareness,Disaster Risk Reduction,Nationwide,,,,"SPC, NGOs",0.1,,,,Proposed,Seeking funding,,Multi-hazard preparedness,Auto-tagged (sector/keywords),,,
P329,RONAdapt II Pipeline (Proposed),Nauru-Wide Disaster Risk Vulnerability Assessment,Regional knowledge exchange & reporting,Regional knowledge exchange & reporting,Disaster Risk Reduction,Nationwide,,,,"CREWS, SPREP",0.1,,,,Proposed,Seeking funding,,Multi-hazard preparedness,Auto-tagged (sector/keywords),,,
P330,RONAdapt II Pipeline (Proposed),Nauru-Wide Disaster Risk Vulnerability Assessment,Phase 3 contingency,Phase 3 contingency,Disaster Risk Reduction,Nationwide,,,,Mixed,0.07,,,,Proposed,Seeking funding,,Multi-hazard preparedness,Auto-tagged (sector/keywords),,,
P331,RONAdapt II Pipeline (Proposed),Climate Proof and Strengthen Health Sector Resilience,HEPR Plan development & rollout,HEPR Plan development & rollout,Health,Nationwide,,,,"WHO, UNDP, SPC",0.4,2027,2035,Phase 2 (Medium-term),Proposed,Seeking funding,,Climate-health risks,Auto-tagged (sector/keywords),,,
P332,RONAdapt II Pipeline (Proposed),Climate Proof and Strengthen Health Sector Resilience,Republic Hospital resilience upgrades,Republic Hospital resilience upgrades,Health,Nationwide,,,,"JICA, DFAT, EU",1.0,2027,2035,Phase 2 (Medium-term),Proposed,Seeking funding,,Climate-health risks,Auto-tagged (sector/keywords),,,
P333,RONAdapt II Pipeline (Proposed),Climate Proof and Strengthen Health Sector Resilience,Initial emergency stockpiles,Initial emergency stockpiles,Health,Nationwide,,,,"WHO, DFAT, SPC",0.4,2027,2035,Phase 2 (Medium-term),Proposed,Seeking funding,,Climate-health risks,Auto-tagged (sector/keywords),,,
P334,RONAdapt II Pipeline (Proposed),Climate Proof and Strengthen Health Sector Resilience,Training & drills,Training & drills,Health,Nationwide,,,,"WHO, NGOs",0.3,2027,2035,Phase 2 (Medium-term),Proposed,Seeking funding,,Climate-health risks,Auto-tagged (sector/keywords),,,
P335,RONAdapt II Pipeline (Proposed),Climate Proof and Strengthen Health Sector Resilience,Phase 1 contingency,Phase 1 contingency,Health,Nationwide,,,,Mixed,0.21,2027,2035,Phase 2 (Medium-term),Proposed,Seeking funding,,Climate-health risks,Auto-tagged (sector/keywords),,,
P336,RONAdapt II Pipeline (Proposed),Climate Proof and Strengthen Health Sector Resilience,Clinic-level resilience upgrades,Clinic-level resilience upgrades,Health,Nationwide,,,,"JICA, DFAT, MFAT",0.8,2035,2040,Phase 3 (Long-term),Proposed,Seeking funding,,Climate-health risks,Auto-tagged (sector/keywords),,,
P337,RONAdapt II Pipeline (Proposed),Climate Proof and Strengthen Health Sector Resilience,Mobile health units & outreach kits,Mobile health units & outreach kits,Health,Nationwide,,,,"UNDP, MFAT",0.6,2035,2040,Phase 3 (Long-term),Proposed,Seeking funding,,Climate-health risks,Auto-tagged (sector/keywords),,,
P338,RONAdapt II Pipeline (Proposed),Climate Proof and Strengthen Health Sector Resilience,Expanded stockpile & supply chain system,Expanded stockpile & supply chain system,Health,Nationwide,,,,"WHO, EU",0.5,2035,2040,Phase 3 (Long-term),Proposed,Seeking funding,,Climate-health risks,Auto-tagged (sector/keywords),,,
P339,RONAdapt II Pipeline (Proposed),Climate Proof and Strengthen Health Sector Resilience,Advanced training & simulation drills,Advanced training & simulation drills,Health,Nationwide,,,,"WHO, Red Cross",0.3,2035,2040,Phase 3 (Long-term),Proposed,Seeking funding,,Climate-health risks,Auto-tagged (sector/keywords),,,
P340,RONAdapt II Pipeline (Proposed),Climate Proof and Strengthen Health Sector Resilience,Phase 2 contingency,Phase 2 contingency,Health,Nationwide,,,,Mixed,0.22,2035,2040,Phase 3 (Long-term),Proposed,Seeking funding,,Climate-health risks,Auto-tagged (sector/keywords),,,
P341,RONAdapt II Pipeline (Proposed),Climate Proof and Strengthen Health Sector Resilience,Policy integration & institutionalisation,Policy integration & institutionalisation,Health,Nationwide,,,,"UNDP, WHO",0.3,,,,Proposed,Seeking funding,,Climate-health risks,Auto-tagged (sector/keywords),,,
P342,RONAdapt II Pipeline (Proposed),Climate Proof and Strengthen Health Sector Resilience,Health infrastructure resilience fund set-up,Health infrastructure resilience fund set-up,Health,Nationwide,,,,"GCF, AF",0.5,,,,Proposed,Seeking funding,,Climate-health risks,Auto-tagged (sector/keywords),,,
P343,RONAdapt II Pipeline (Proposed),Climate Proof and Strengthen Health Sector Resilience,Regional pooled procurement & partnerships,Regional pooled procurement & partnerships,Health,Nationwide,,,,"SPC, WHO",0.2,,,,Proposed,Seeking funding,,Climate-health risks,Auto-tagged (sector/keywords),,,
P344,RONAdapt II Pipeline (Proposed),Climate Proof and Strengthen Health Sector Resilience,Ongoing mobile outreach & drills,Ongoing mobile outreach & drills,Health,Nationwide,,,,"NGOs, MFAT",0.2,,,,Proposed,Seeking funding,,Climate-health risks,Auto-tagged (sector/keywords),,,
P345,RONAdapt II Pipeline (Proposed),Climate Proof and Strengthen Health Sector Resilience,Phase 3 contingency,Phase 3 contingency,Health,Nationwide,,,,Mixed,0.12,,,,Proposed,Seeking funding,,Climate-health risks,Auto-tagged (sector/keywords),,,
P346,RONAdapt II Pipeline (Proposed),Innovative Energy Solutions for Government and Community Facilities for Climate Resilience,Solar PV & Battery for core government facilities,Solar PV & Battery for core government facilities,Energy,Nationwide,,,,"DFAT, MFAT, EU",1.2,2027,2035,Phase 2 (Medium-term),Proposed,Seeking funding,,Energy & fuel security,Auto-tagged (sector/keywords),,,
P347,RONAdapt II Pipeline (Proposed),Innovative Energy Solutions for Government and Community Facilities for Climate Resilience,Community disaster hubs,Community disaster hubs,Energy,Nationwide,,,,"GCF readiness, JICA",1.5,2027,2035,Phase 2 (Medium-term),Proposed,Seeking funding,,Energy & fuel security,Auto-tagged (sector/keywords),,,
P348,RONAdapt II Pipeline (Proposed),Innovative Energy Solutions for Government and Community Facilities for Climate Resilience,Initial training & O&M skills,Initial training & O&M skills,Energy,Nationwide,,,,"IRENA, SPC",0.2,2027,2035,Phase 2 (Medium-term),Proposed,Seeking funding,,Energy & fuel security,Auto-tagged (sector/keywords),,,
P349,RONAdapt II Pipeline (Proposed),Innovative Energy Solutions for Government and Community Facilities for Climate Resilience,Monitoring & awareness,Monitoring & awareness,Energy,Nationwide,,,,"Government, EU",0.1,2027,2035,Phase 2 (Medium-term),Proposed,Seeking funding,,Energy & fuel security,Auto-tagged (sector/keywords),,,
P350,RONAdapt II Pipeline (Proposed),Innovative Energy Solutions for Government and Community Facilities for Climate Resilience,Phase 1 contingency,Phase 1 contingency,Energy,Nationwide,,,,Mixed,0.25,2027,2035,Phase 2 (Medium-term),Proposed,Seeking funding,,Energy & fuel security,Auto-tagged (sector/keywords),,,
P351,RONAdapt II Pipeline (Proposed),Innovative Energy Solutions for Government and Community Facilities for Climate Resilience,Expanded solarisation,Expanded solarisation,Energy,Nationwide,,,,"DFAT, MFAT, EU",2.0,2035,2040,Phase 3 (Long-term),Proposed,Seeking funding,,Energy & fuel security,Auto-tagged (sector/keywords),,,
P352,RONAdapt II Pipeline (Proposed),Innovative Energy Solutions for Government and Community Facilities for Climate Resilience,Grid integration protocols,Grid integration protocols,Energy,Nationwide,,,,"ADB, World Bank",0.2,2035,2040,Phase 3 (Long-term),Proposed,Seeking funding,,Energy & fuel security,Auto-tagged (sector/keywords),,,
P353,RONAdapt II Pipeline (Proposed),Innovative Energy Solutions for Government and Community Facilities for Climate Resilience,Technician certification programme,Technician certification programme,Energy,Nationwide,,,,"IRENA, SPC",0.2,2035,2040,Phase 3 (Long-term),Proposed,Seeking funding,,Energy & fuel security,Auto-tagged (sector/keywords),,,
P354,RONAdapt II Pipeline (Proposed),Innovative Energy Solutions for Government and Community Facilities for Climate Resilience,Awareness campaigns & community engagement,Awareness campaigns & community engagement,Energy,Nationwide,,,,"NGOs, Government",0.1,2035,2040,Phase 3 (Long-term),Proposed,Seeking funding,,Energy & fuel security,Auto-tagged (sector/keywords),,,
P355,RONAdapt II Pipeline (Proposed),Innovative Energy Solutions for Government and Community Facilities for Climate Resilience,Phase 2 contingency,Phase 2 contingency,Energy,Nationwide,,,,Mixed,0.17,2035,2040,Phase 3 (Long-term),Proposed,Seeking funding,,Energy & fuel security,Auto-tagged (sector/keywords),,,
P356,RONAdapt II Pipeline (Proposed),Innovative Energy Solutions for Government and Community Facilities for Climate Resilience,Renewable Energy Resilience Fund set-up,Renewable Energy Resilience Fund set-up,Energy,Nationwide,,,,"GCF, AF, DFAT",0.4,,,,Proposed,Seeking funding,,Energy & fuel security,Auto-tagged (sector/keywords),,,
P357,RONAdapt II Pipeline (Proposed),Innovative Energy Solutions for Government and Community Facilities for Climate Resilience,Integration into building codes,Integration into building codes,Energy,Nationwide,,,,"Government, SPC",0.2,,,,Proposed,Seeking funding,,Energy & fuel security,Auto-tagged (sector/keywords),,,
P358,RONAdapt II Pipeline (Proposed),Innovative Energy Solutions for Government and Community Facilities for Climate Resilience,Public-private partnership pilots,Public-private partnership pilots,Energy,Nationwide,,,,"JICA, MFAT",0.2,,,,Proposed,Seeking funding,,Energy & fuel security,Auto-tagged (sector/keywords),,,
P359,RONAdapt II Pipeline (Proposed),Innovative Energy Solutions for Government and Community Facilities for Climate Resilience,Regional exchange & training,Regional exchange & training,Energy,Nationwide,,,,"SPC, IRENA",0.1,,,,Proposed,Seeking funding,,Energy & fuel security,Auto-tagged (sector/keywords),,,
P360,RONAdapt II Pipeline (Proposed),Innovative Energy Solutions for Government and Community Facilities for Climate Resilience,Phase 3 contingency,Phase 3 contingency,Energy,Nationwide,,,,Mixed,0.09,,,,Proposed,Seeking funding,,Energy & fuel security,Auto-tagged (sector/keywords),,,
P361,RONAdapt II Pipeline (Proposed),Climate Resilient Household Water Systems,150–200 household systems,150–200 household systems,Water & Sanitation,Nationwide,,,,"GCF, DFAT, JICA",1.8,2027,2035,Phase 2 (Medium-term),Proposed,Seeking funding,,Drought & water security,Auto-tagged (sector/keywords),,,
P362,RONAdapt II Pipeline (Proposed),Climate Resilient Household Water Systems,Household training & awareness,Household training & awareness,Water & Sanitation,Nationwide,,,,"GEF SGP, SPREP",0.15,2027,2035,Phase 2 (Medium-term),Proposed,Seeking funding,,Drought & water security,Auto-tagged (sector/keywords),,,
P363,RONAdapt II Pipeline (Proposed),Climate Resilient Household Water Systems,Installation & local contractor engagement,Installation & local contractor engagement,Water & Sanitation,Nationwide,,,,"DFAT, MFAT",0.2,2027,2035,Phase 2 (Medium-term),Proposed,Seeking funding,,Drought & water security,Auto-tagged (sector/keywords),,,
P364,RONAdapt II Pipeline (Proposed),Climate Resilient Household Water Systems,Monitoring & audits,Monitoring & audits,Water & Sanitation,Nationwide,,,,"Government, EU",0.1,2027,2035,Phase 2 (Medium-term),Proposed,Seeking funding,,Drought & water security,Auto-tagged (sector/keywords),,,
P365,RONAdapt II Pipeline (Proposed),Climate Resilient Household Water Systems,Phase 1 contingency,Phase 1 contingency,Water & Sanitation,Nationwide,,,,Mixed,0.225,2027,2035,Phase 2 (Medium-term),Proposed,Seeking funding,,Drought & water security,Auto-tagged (sector/keywords),,,
P366,RONAdapt II Pipeline (Proposed),Climate Resilient Household Water Systems,100–120 additional household systems,100–120 additional household systems,Water & Sanitation,Nationwide,,,,"GCF, PRIF",1.0,2035,2040,Phase 3 (Long-term),Proposed,Seeking funding,,Drought & water security,Auto-tagged (sector/keywords),,,
P367,RONAdapt II Pipeline (Proposed),Climate Resilient Household Water Systems,Supply chain strengthening & contractor workshops,Supply chain strengthening & contractor workshops,Water & Sanitation,Nationwide,,,,"JICA, SPC",0.2,2035,2040,Phase 3 (Long-term),Proposed,Seeking funding,,Drought & water security,Auto-tagged (sector/keywords),,,
P368,RONAdapt II Pipeline (Proposed),Climate Resilient Household Water Systems,Household awareness campaigns,Household awareness campaigns,Water & Sanitation,Nationwide,,,,"NGOs, Government",0.1,2035,2040,Phase 3 (Long-term),Proposed,Seeking funding,,Drought & water security,Auto-tagged (sector/keywords),,,
P369,RONAdapt II Pipeline (Proposed),Climate Resilient Household Water Systems,Monitoring & evaluation,Monitoring & evaluation,Water & Sanitation,Nationwide,,,,"Government, EU",0.1,2035,2040,Phase 3 (Long-term),Proposed,Seeking funding,,Drought & water security,Auto-tagged (sector/keywords),,,
P370,RONAdapt II Pipeline (Proposed),Climate Resilient Household Water Systems,Phase 2 contingency,Phase 2 contingency,Water & Sanitation,Nationwide,,,,Mixed,0.14,2035,2040,Phase 3 (Long-term),Proposed,Seeking funding,,Drought & water security,Auto-tagged (sector/keywords),,,
P371,RONAdapt II Pipeline (Proposed),Climate Resilient Household Water Systems,Final 50–80 household systems,Final 50–80 household systems,Water & Sanitation,Nationwide,,,,"GCF, Government",0.4,,,,Proposed,Seeking funding,,Drought & water security,Auto-tagged (sector/keywords),,,
P372,RONAdapt II Pipeline (Proposed),Climate Resilient Household Water Systems,Policy mainstreaming & WASH integration,Policy mainstreaming & WASH integration,Water & Sanitation,Nationwide,,,,"UNDP, EU",0.1,,,,Proposed,Seeking funding,,Drought & water security,Auto-tagged (sector/keywords),,,
P373,RONAdapt II Pipeline (Proposed),Climate Resilient Household Water Systems,Maintenance & parts framework,Maintenance & parts framework,Water & Sanitation,Nationwide,,,,"Government, NGOs",0.1,,,,Proposed,Seeking funding,,Drought & water security,Auto-tagged (sector/keywords),,,
P374,RONAdapt II Pipeline (Proposed),Climate Resilient Household Water Systems,Phase 3 contingency,Phase 3 contingency,Water & Sanitation,Nationwide,,,,Mixed,0.06,,,,Proposed,Seeking funding,,Drought & water security,Auto-tagged (sector/keywords),,,
P375,RONAdapt II Pipeline (Proposed),Nauru Higher Ground Initiative for Enhanced Climate Resilience,Mobilisation and Establishment,Mobilisation and Establishment,Multi-Sector (HGI),Nationwide,,,,"ADB, World Bank, DFAT",5.0,2027,2035,Phase 2 (Medium-term),Proposed,Seeking funding,,Coastal erosion & sea-level rise,Auto-tagged (sector/keywords),,,
P376,RONAdapt II Pipeline (Proposed),Nauru Higher Ground Initiative for Enhanced Climate Resilience,Earthworks and Remediation,Earthworks and Remediation,Multi-Sector (HGI),Nationwide,,,,"ADB, World Bank, DFAT",10.0,2027,2035,Phase 2 (Medium-term),Proposed,Seeking funding,,Coastal erosion & sea-level rise,Auto-tagged (sector/keywords),,,
P377,RONAdapt II Pipeline (Proposed),Nauru Higher Ground Initiative for Enhanced Climate Resilience,Roads & supporting infrastructure,Roads & supporting infrastructure,Multi-Sector (HGI),Nationwide,,,,"ADB, DFAT, JICA",8.0,2027,2035,Phase 2 (Medium-term),Proposed,Seeking funding,,Coastal erosion & sea-level rise,Auto-tagged (sector/keywords),,,
P378,RONAdapt II Pipeline (Proposed),Nauru Higher Ground Initiative for Enhanced Climate Resilience,Initial housing & civic buildings,Initial housing & civic buildings,Multi-Sector (HGI),Nationwide,,,,"DFAT, MFAT, ADB",6.5,2027,2035,Phase 2 (Medium-term),Proposed,Seeking funding,,Coastal erosion & sea-level rise,Auto-tagged (sector/keywords),,,
P379,RONAdapt II Pipeline (Proposed),Nauru Higher Ground Initiative for Enhanced Climate Resilience,Essential Service Systems,Essential Service Systems,Multi-Sector (HGI),Nationwide,,,,"ADB, JICA, EU",5.0,2027,2035,Phase 2 (Medium-term),Proposed,Seeking funding,,Coastal erosion & sea-level rise,Auto-tagged (sector/keywords),,,
P380,RONAdapt II Pipeline (Proposed),Nauru Higher Ground Initiative for Enhanced Climate Resilience,Renewable Energy Systems,Renewable Energy Systems,Multi-Sector (HGI),Nationwide,,,,"JICA, EU, RPC/Private Sector",3.0,2027,2035,Phase 2 (Medium-term),Proposed,Seeking funding,,Coastal erosion & sea-level rise,Auto-tagged (sector/keywords),,,
P381,RONAdapt II Pipeline (Proposed),Nauru Higher Ground Initiative for Enhanced Climate Resilience,Pilot Food and Water Security Systems,Pilot Food and Water Security Systems,Multi-Sector (HGI),Nationwide,,,,"FAO, IFAD, SPC",1.5,2027,2035,Phase 2 (Medium-term),Proposed,Seeking funding,,Coastal erosion & sea-level rise,Auto-tagged (sector/keywords),,,
P382,RONAdapt II Pipeline (Proposed),Nauru Higher Ground Initiative for Enhanced Climate Resilience,"Planning, stakeholder engagement, safeguards","Planning, stakeholder engagement, safeguards",Multi-Sector (HGI),Nationwide,,,,"UNDP, SPC, SPREP, DFAT",3.03,2027,2035,Phase 2 (Medium-term),Proposed,Seeking funding,,Coastal erosion & sea-level rise,Auto-tagged (sector/keywords),,,
P383,RONAdapt II Pipeline (Proposed),Nauru Higher Ground Initiative for Enhanced Climate Resilience,Capacity building (initial),Capacity building (initial),Multi-Sector (HGI),Nationwide,,,,"UNDP, DFAT, SPC",0.5,2027,2035,Phase 2 (Medium-term),Proposed,Seeking funding,,Coastal erosion & sea-level rise,Auto-tagged (sector/keywords),,,
P384,RONAdapt II Pipeline (Proposed),Nauru Higher Ground Initiative for Enhanced Climate Resilience,Expansion of housing & civic buildings,Expansion of housing & civic buildings,Multi-Sector (HGI),Nationwide,,,,"DFAT, MFAT, ADB",6.5,2035,2040,Phase 3 (Long-term),Proposed,Seeking funding,,Coastal erosion & sea-level rise,Auto-tagged (sector/keywords),,,
P385,RONAdapt II Pipeline (Proposed),Nauru Higher Ground Initiative for Enhanced Climate Resilience,Permanent water & wastewater systems,Permanent water & wastewater systems,Multi-Sector (HGI),Nationwide,,,,"ADB, EU, JICA",4.5,2035,2040,Phase 3 (Long-term),Proposed,Seeking funding,,Coastal erosion & sea-level rise,Auto-tagged (sector/keywords),,,
P386,RONAdapt II Pipeline (Proposed),Nauru Higher Ground Initiative for Enhanced Climate Resilience,Solid waste management & recycling,Solid waste management & recycling,Multi-Sector (HGI),Nationwide,,,,"ADB, SPREP, EU",3.0,2035,2040,Phase 3 (Long-term),Proposed,Seeking funding,,Coastal erosion & sea-level rise,Auto-tagged (sector/keywords),,,
P387,RONAdapt II Pipeline (Proposed),Nauru Higher Ground Initiative for Enhanced Climate Resilience,Scaling renewable energy,Scaling renewable energy,Multi-Sector (HGI),Nationwide,,,,"JICA, EU, PRC",4.5,2035,2040,Phase 3 (Long-term),Proposed,Seeking funding,,Coastal erosion & sea-level rise,Auto-tagged (sector/keywords),,,
P388,RONAdapt II Pipeline (Proposed),Nauru Higher Ground Initiative for Enhanced Climate Resilience,Communications infrastructure,Communications infrastructure,Multi-Sector (HGI),Nationwide,,,,"Telecom/ICT donors, DFAT, World Bank",4.0,2035,2040,Phase 3 (Long-term),Proposed,Seeking funding,,Coastal erosion & sea-level rise,Auto-tagged (sector/keywords),,,
P389,RONAdapt II Pipeline (Proposed),Nauru Higher Ground Initiative for Enhanced Climate Resilience,Community aquaponics & greening,Community aquaponics & greening,Multi-Sector (HGI),Nationwide,,,,"FAO, IFAD, SPC",2.02,2035,2040,Phase 3 (Long-term),Proposed,Seeking funding,,Coastal erosion & sea-level rise,Auto-tagged (sector/keywords),,,
P390,RONAdapt II Pipeline (Proposed),Nauru Higher Ground Initiative for Enhanced Climate Resilience,Governance & technical training,Governance & technical training,Multi-Sector (HGI),Nationwide,,,,"UNDP, SPC, SPREP",1.0,2035,2040,Phase 3 (Long-term),Proposed,Seeking funding,,Coastal erosion & sea-level rise,Auto-tagged (sector/keywords),,,
P391,RONAdapt II Pipeline (Proposed),Nauru Higher Ground Initiative for Enhanced Climate Resilience,Completion of Housing and Civil Facilities,Completion of Housing and Civil Facilities,Multi-Sector (HGI),Nationwide,,,,"MFAT, ADB, DFAT",4.5,,,,Proposed,Seeking funding,,Coastal erosion & sea-level rise,Auto-tagged (sector/keywords),,,
P392,RONAdapt II Pipeline (Proposed),Nauru Higher Ground Initiative for Enhanced Climate Resilience,Finalisation of integrated water/wastewater/stormwater systems,Finalisation of integrated water/wastewater/stormwater systems,Multi-Sector (HGI),Nationwide,,,,"ADB, EU, JICA",3.0,,,,Proposed,Seeking funding,,Coastal erosion & sea-level rise,Auto-tagged (sector/keywords),,,
P393,RONAdapt II Pipeline (Proposed),Nauru Higher Ground Initiative for Enhanced Climate Resilience,Consolidation of solid waste and recycling facilities,Consolidation of solid waste and recycling facilities,Multi-Sector (HGI),Nationwide,,,,"ADB, EU, SPREP",2.0,,,,Proposed,Seeking funding,,Coastal erosion & sea-level rise,Auto-tagged (sector/keywords),,,
P394,RONAdapt II Pipeline (Proposed),Nauru Higher Ground Initiative for Enhanced Climate Resilience,Full renewable energy coverage,Full renewable energy coverage,Multi-Sector (HGI),Nationwide,,,,"JICA, EU, RPC/Private",3.5,,,,Proposed,Seeking funding,,Coastal erosion & sea-level rise,Auto-tagged (sector/keywords),,,
P395,RONAdapt II Pipeline (Proposed),Nauru Higher Ground Initiative for Enhanced Climate Resilience,Institutionalisation of governance and safeguards frameworks,Institutionalisation of governance and safeguards frameworks,Multi-Sector (HGI),Nationwide,,,,"UNDP, SPC, SPREP",1.5,,,,Proposed,Seeking funding,,Coastal erosion & sea-level rise,Auto-tagged (sector/keywords),,,
P396,RONAdapt II Pipeline (Proposed),Nauru Higher Ground Initiative for Enhanced Climate Resilience,"Long-term monitoring, evaluation and knowledge sharing","Long-term monitoring, evaluation and knowledge sharing",Multi-Sector (HGI),Nationwide,,,,"UNDP, SPC, SPREP",1.5,,,,Proposed,Seeking funding,,Coastal erosion & sea-level rise,Auto-tagged (sector/keywords),,,
P397,RONAdapt II Pipeline (Proposed),Nauru Higher Ground Initiative for Enhanced Climate Resilience,Livelihood diversification and community resilience,Livelihood diversification and community resilience,Multi-Sector (HGI),Nationwide,,,,"FAO, IFAD, Bilateral Donors",1.01,,,,Proposed,Seeking funding,,Coastal erosion & sea-level rise,Auto-tagged (sector/keywords),,,
