ID,Track,Program,Project Name,Description,Sector,Location,Lead Organisation,Financial Instrument,Funding Source (raw),Partners,Capital (AUD m),Start Year,End Year,Phase,Status,Funding Outcome,Hazard Group,Duplicate Status,Duplicate Of,Notes
C01,Commonwealth Tracker (Past),,Transforming Nauru’s Food Systems through Climate Smart Agriculture,,Environment & Biodiversity,TBC,TBC,Grant,Global Environment Facility (GEF),Global Environment Facility (GEF),9.01,2024,2031,,Under implementation,Funded,Land & marine environment,,,"Sectoral theme as recorded in source: Climate change, biodiversity, land degradation"
C02,Commonwealth Tracker (Past),,Eighth Operational Phase of the GEF Small Grants Programme (Part 1),,Environment & Biodiversity,TBC,TBC,Grant,Global Environment Facility (GEF),Global Environment Facility (GEF),0.27,2023,2027,,Under implementation,Funded,Land & marine environment,,,"Sectoral theme as recorded in source: Biodiversity, climate change, land degradation"
C03,Commonwealth Tracker (Past),,Supporting Mainstreamed Achievement of Roadmap Targets on Energy in Nauru (SMARTEN),,Climate Change (General),TBC,TBC,Grant,Global Environment Facility (GEF),Global Environment Facility (GEF),5.03,2018,2022,,Completed,Funded,General climate resilience,,,Sectoral theme as recorded in source: Climate change
C04,Commonwealth Tracker (Past),,Technology Needs Assessments – Phase III (TNA Phase III) – (23 countries including Nauru),,Climate Change (General),TBC,TBC,Grant,Global Environment Facility (GEF),Global Environment Facility (GEF),9.46,2017,2020,,Completed,Funded,General climate resilience,,,Sectoral theme as recorded in source: Climate change
C05,Commonwealth Tracker (Past),,Umbrella Programme for Preparation of National Communications and Biennial Update Reports to the UNFCCC (to support eighteen (18) developing countries including Nauru),,Climate Change (General),TBC,TBC,Grant,Global Environment Facility (GEF),Global Environment Facility (GEF),21.24,2017,2020,,Completed,Funded,General climate resilience,,,Sectoral theme as recorded in source: Climate change
C06,Commonwealth Tracker (Past),,Preparation of Intended Nationally Determined Contribution (INDC) to the 2015 Agreement under the United Nations Framework Convention on Climate Change (UNFCCC),,Climate Change (General),TBC,TBC,Grant,Global Environment Facility (GEF),Global Environment Facility (GEF),0.33,2015,2015,,Completed,Funded,General climate resilience,,,Sectoral theme as recorded in source: Climate change
C07,Commonwealth Tracker (Past),,R2R: Implementing a ‘Ridge to Reef’ Approach to Protecting Biodiversity and Ecosystem Functions in Nauru (R2R Nauru),,Multi-Sector,TBC,TBC,Grant,Global Environment Facility (GEF),Global Environment Facility (GEF),2.64,2015,2022,,Completed,Funded,General climate resilience,,,Sectoral theme as recorded in source: Multi-sector (biodiversity climate change international waters land degradation)
C08,Commonwealth Tracker (Past),,Umbrella Programme for National Communication to the UNFCCC (to support 12 Small Island Developing States and Least Developed Countries),,Climate Change (General),TBC,TBC,Grant,Global Environment Facility (GEF),Global Environment Facility (GEF),9.42,2013,2017,,Completed,Funded,General climate resilience,,,Sectoral theme as recorded in source: Climate change
C09,Commonwealth Tracker (Past),,GEF SGP Fifth Operational Phase – Implementing the Program Using STAR Resources I to support,,Multi-Sector,TBC,TBC,Grant,Global Environment Facility (GEF),Global Environment Facility (GEF),1.2,2013,2022,,Completed,Funded,General climate resilience,,,Sectoral theme as recorded in source: Multi-sector (biodiversity climate change international waters land degradation)
C10,Commonwealth Tracker (Past),,"PAS: Low Carbon-Energy Islands – Accelerating the Use of Energy Efficient and Renewable Energy Technologies in Tuvalu, Niue and Nauru",,Climate Change (General),TBC,TBC,Grant,Global Environment Facility (GEF),Global Environment Facility (GEF),1.29,2011,2014,,Completed,Funded,General climate resilience,,,Sectoral theme as recorded in source: Climate change
C11,Commonwealth Tracker (Past),,Pacific Adaptation to Climate Change (PACC) Project,,Climate Change (General),TBC,TBC,Grant,Global Environment Facility (GEF),Global Environment Facility (GEF),1.2,2009,2014,,Completed,Funded,General climate resilience,,,Sectoral theme as recorded in source: Climate change
C12,Commonwealth Tracker (Past),,Pacific Islands Renewable Energy Programme (PIREP)– (to support 14 pacific countries including Nauru),,Climate Change (General),TBC,TBC,Grant,Global Environment Facility (GEF),Global Environment Facility (GEF),0.7,2002,2010,,Completed,Funded,General climate resilience,,,Sectoral theme as recorded in source: Climate change
C13,Commonwealth Tracker (Past),,Expedited Financing of Climate Change Enabling Activities (Phase II) – PICCAP,,Climate Change (General),TBC,TBC,Grant,Global Environment Facility (GEF),Global Environment Facility (GEF),1.52,2000,2000,,Completed,Funded,General climate resilience,,,Sectoral theme as recorded in source: Climate change
C14,Commonwealth Tracker (Past),,Pacific Islands Climate Change Assistance Project (PICCAP) (to support 10 Pacific countries including Nauru),,Climate Change (General),TBC,TBC,Grant,Global Environment Facility (GEF),Global Environment Facility (GEF),3.72,1997,2006,,Completed,Funded,General climate resilience,,,Sectoral theme as recorded in source: Climate change
C15,Commonwealth Tracker (Past),,Climate Change Training Phase II – Training Programme to Support the Implementation of the UNFCCC,,Climate Change (General),TBC,TBC,Grant,Global Environment Facility (GEF),Global Environment Facility (GEF),4.11,1996,2004,,Completed,Funded,General climate resilience,,,Sectoral theme as recorded in source: Climate change
C16,Commonwealth Tracker (Past),,NDA Strengthening and Country Programming support for Nauru through the Pacific Island Forum Secretariat (PIFS),,Governance & Finance,TBC,TBC,Grant,Green Climate Fund (GCF),Green Climate Fund (GCF),0.76,2017,2018,,Completed,Funded,Enabling & capacity (cross-hazard),,,Sectoral theme as recorded in source: Readiness activities (capacity building)
C17,Commonwealth Tracker (Past),,Republic of Nauru National Adaptation Planning – Phase One,,Governance & Finance,TBC,TBC,Grant,Green Climate Fund (GCF),Green Climate Fund (GCF),1.97,2021,2023,,Completed,Funded,Enabling & capacity (cross-hazard),,,Sectoral theme as recorded in source: Readiness activities (adaptation planning)
C18,Commonwealth Tracker (Past),,Nauru Readiness II – Strengthening NDA capacities and DAE access,,Governance & Finance,TBC,TBC,Grant,Green Climate Fund (GCF),Green Climate Fund (GCF),1.01,2021,2023,,Completed,Funded,Enabling & capacity (cross-hazard),,,Sectoral theme as recorded in source: Readiness activities (capacity building)
C19,Commonwealth Tracker (Past),,Sustainable and Climate Resilient Connectivity for Nauru,,Multi-Sector,TBC,TBC,Grant,Green Climate Fund (GCF),Green Climate Fund (GCF),98.68,2017,2023,,Completed,Funded,General climate resilience,,,Sectoral theme as recorded in source: Cross-cutting
C20,Commonwealth Tracker (Past),,Pacific Islands Renewable Energy Investment Programme (Regional Project),,Climate Change (General),TBC,TBC,Grant,Green Climate Fund (GCF),Green Climate Fund (GCF),44.2,2016,2023,,Completed,Funded,General climate resilience,,,Sectoral theme as recorded in source: Climate change mitigation
C21,Commonwealth Tracker (Past),,Resilient Coastal Fisheries and Aquaculture in Nauru,,Agriculture & Food,TBC,TBC,Grant,Adaptation Fund (AF),Adaptation Fund (AF),7.99,2023,2029,,Under implementation,Funded,Food insecurity,,,Sectoral theme as recorded in source: Food security
C22,Commonwealth Tracker (Past),,Solar Power Development Project,,Energy,TBC,TBC,Grant,Asian Development Bank (ADB),Asian Development Bank (ADB),22.0,2023,2024,,Completed,Funded,Energy & fuel security,,,Sectoral theme as recorded in source: Energy/renewable energy generation – solar
C23,Commonwealth Tracker (Past),,Nauru: Sustainable and Climate-Resilient Connectivity Project,,Transport & Infrastructure,TBC,TBC,Grant,Asian Development Bank (ADB),Asian Development Bank (ADB),21.3,2015,2023,,Completed,Funded,Multi-hazard preparedness,,,Sectoral theme as recorded in source: Transport/water transport (non-urban)
C24,Commonwealth Tracker (Past),,Preparing the Nauru Sustainable Urban Development Project (Project Readiness Financing),,Governance & Finance,TBC,TBC,Grant,Asian Development Bank (ADB),Asian Development Bank (ADB),1.5,2022,2023,,Completed,Funded,Enabling & capacity (cross-hazard),,,Sectoral theme as recorded in source: Project readiness
C25,Commonwealth Tracker (Past),,Nauru Sustainable Urban Development Project (NSUDP),,Water & Sanitation,TBC,TBC,Grant,Asian Development Bank (ADB),Asian Development Bank (ADB),5.0,2021,2026,,Under implementation,Funded,Drought & water security,,,Sectoral theme as recorded in source: Water and other urban infrastructure and services
C26,Commonwealth Tracker (Past),,Promoting Climate-Resilient and Sustainable Blue Economies,,Transport & Infrastructure,TBC,TBC,Grant,Asian Development Bank (ADB),Asian Development Bank (ADB),2.68,2023,2026,,Under implementation,Funded,Multi-hazard preparedness,,,Sectoral theme as recorded in source: Transport/water transport (non-urban)
C27,Commonwealth Tracker (Past),,Green and Resilient Rural Recovery through Agri-Food System Transformation in the Asia and Pacific Region,,Multi-Sector,TBC,TBC,Technical assistance,Asian Development Bank (ADB),Asian Development Bank (ADB),2.75,2021,2024,,Completed,Funded,General climate resilience,,,Sectoral theme as recorded in source: Multi-sectors
C28,Commonwealth Tracker (Past),,Regional: Preparing Floating Solar Plus Projects under the Pacific Renewable Energy Investment Facility,,Energy,TBC,TBC,Technical assistance,Asian Development Bank (ADB),Asian Development Bank (ADB),3.5,2020,2024,,Completed,Funded,Energy & fuel security,,,Sectoral theme as recorded in source: Energy
C29,Commonwealth Tracker (Past),,Regional: Support to Climate Resilient Investment Pathways in the Pacific,,Multi-Sector,TBC,TBC,Grant,Asian Development Bank (ADB),Asian Development Bank (ADB),4.0,2020,2025,,Completed,Funded,General climate resilience,,,Sectoral theme as recorded in source: Multi-sectors
C30,Commonwealth Tracker (Past),,Regional: Preparing the Pacific Renewable Energy Investment Facility (Phase 2),,Energy,TBC,TBC,Technical assistance,Asian Development Bank (ADB),Asian Development Bank (ADB),3.5,2019,2024,,Completed,Funded,Energy & fuel security,,,Sectoral theme as recorded in source: Energy
C31,Commonwealth Tracker (Past),,Regional Capacity Building and Sector Reform for Renewable Energy Investments in the Pacific,,Multi-Sector,TBC,TBC,Technical assistance,Asian Development Bank (ADB),Asian Development Bank (ADB),1.22,2017,2024,,Completed,Funded,General climate resilience,,,Sectoral theme as recorded in source: Multi-sectors
C32,Commonwealth Tracker (Past),,Regional: Pacific Renewable Energy Investment Facility (formerly Pacific Renewable Energy and Energy Efficiency Investment Facility),,Energy,TBC,TBC,Grant loan,Asian Development Bank (ADB),Asian Development Bank (ADB),200.0,2005,2008,,Completed,Funded,Energy & fuel security,,,Sectoral theme as recorded in source: Energy
C33,Commonwealth Tracker (Past),,Regional Strengthening Climate and Disaster Resilience of Investments in the Pacific,,Multi-Sector,TBC,TBC,Technical assistance,Asian Development Bank (ADB),Asian Development Bank (ADB),3.95,2015,2021,,Completed,Funded,General climate resilience,,,Sectoral theme as recorded in source: Multi-sectors
C34,Commonwealth Tracker (Past),,Regional: Solid Waste Management in the Pacific,,Water & Sanitation,TBC,TBC,Technical assistance,Asian Development Bank (ADB),Asian Development Bank (ADB),0.45,2011,2014,,Completed,Funded,Drought & water security,,,Sectoral theme as recorded in source: Water and other urban infrastructure and services/urban solid waste management
C35,Commonwealth Tracker (Past),,EU replacement of current steels light with energy efficient units project,,Energy,TBC,TBC,Grant,European Union (EU),European Union (EU),0.049,2012,2013,,Completed,Funded,Energy & fuel security,,,Sectoral theme as recorded in source: Energy
C36,Commonwealth Tracker (Past),,11th EDF National Indicative Plan – Support in Energy Efficiency and Renewable Energy and NAO Office support,,Energy,TBC,TBC,Grant,European Union (EU),European Union (EU),0.47,2020,2021,,Completed,Funded,Energy & fuel security,,,Sectoral theme as recorded in source: Energy
C37,Commonwealth Tracker (Past),,The Global Climate Change Alliance: Pacific Small Islands States Project,,Water & Sanitation,TBC,TBC,Grant,European Union (EU),European Union (EU),0.5,2012,2014,,Completed,Funded,Drought & water security,,,Sectoral theme as recorded in source: Water
C38,Commonwealth Tracker (Past),,Renewable Energy and Energy Efficiency Programme,,Energy,TBC,TBC,Grant,European Union (EU),European Union (EU),3.91,2012,2014,,Completed,Funded,Energy & fuel security,,,Sectoral theme as recorded in source: Energy
C39,Commonwealth Tracker (Past),,Disaster Risk Management (DRM) Program – Regional Project,,Disaster Risk Reduction,TBC,TBC,Grant,European Union (EU),European Union (EU),0.74,2012,,,"Ongoing, no end date recorded",Funded,Multi-hazard preparedness,,,Sectoral theme as recorded in source: DRM
C40,Commonwealth Tracker (Past),,Nauru College Photovoltaic Project,,Energy,TBC,TBC,Grant,European Union (EU),European Union (EU),0.37,2007,2009,,Completed,Funded,Energy & fuel security,,,Sectoral theme as recorded in source: Energy
C41,Commonwealth Tracker (Past),,Nauru Energy Efficiency Action Plan,,Energy,TBC,TBC,Grant,European Union (EU),European Union (EU),0.18,2007,2010,,Completed,Funded,Energy & fuel security,,,Sectoral theme as recorded in source: Energy
C42,Commonwealth Tracker (Past),,Energy Efficiency Project,,Energy,TBC,TBC,Grant,European Union (EU),European Union (EU),1.42,2007,2010,,Completed,Funded,Energy & fuel security,,,Sectoral theme as recorded in source: Energy
C43,Commonwealth Tracker (Past),,University of South Pacific–EU Global Climate Alliance Project,,Multi-Sector,TBC,TBC,Grant,European Union (EU),European Union (EU),9.98,2010,2014,,Completed,Funded,General climate resilience,,,Sectoral theme as recorded in source: Multi-sector
C44,Commonwealth Tracker (Past),,The Global Climate Change Alliance Plus – Scaling up Pacific Adaptation (GCCA+ SUPA),,Water & Sanitation,TBC,TBC,Grant,European Union (EU),European Union (EU),0.3,2019,2023,,Completed,Funded,Drought & water security,,,Sectoral theme as recorded in source: Water sector
C45,Commonwealth Tracker (Past),,Household Water Tanks,,Water & Sanitation,TBC,TBC,Grant,Government of Italy,Government of Italy,0.0057,2020,2021,,Completed,Funded,Drought & water security,,,Sectoral theme as recorded in source: Water
C46,Commonwealth Tracker (Past),,US Atmospheric Radiation Measurement Programme,,Multi-Sector,TBC,TBC,Grant,USA Government,USA Government,0.22,2012,2013,,Completed,Funded,General climate resilience,,,Sectoral theme as recorded in source: Multi-sector
C47,Commonwealth Tracker (Past),,SPC/GIZ–Coping with Climate Change in the Pacific Island Region,,Multi-Sector,TBC,TBC,Grant,Government of Germany,Government of Germany,0.312,2012,2015,,Completed,Funded,General climate resilience,,,Sectoral theme as recorded in source: Multi-sector
C48,Commonwealth Tracker (Past),,National Climate Change Policy JNAP & Nauru Energy Roadmap,,Multi-Sector,TBC,TBC,Grant,Government of Germany,Government of Germany,0.06,2012,2012,,Completed,Funded,General climate resilience,,,Sectoral theme as recorded in source: Multi-sector
C49,Commonwealth Tracker (Past),,Grant Assistance for Grassroots Human Security Project (GGP) – Phase-I,,Water & Sanitation,TBC,TBC,Grant,Government of Japan,Government of Japan,0.192,2010,2011,,Completed,Funded,Drought & water security,,,Sectoral theme as recorded in source: Water
C50,Commonwealth Tracker (Past),,Grant Assistance for Grassroots Human Security Project (GGP) – Phase-II,,Water & Sanitation,TBC,TBC,Grant,Government of Japan,Government of Japan,0.28,2011,2012,,Completed,Funded,Drought & water security,,,Sectoral theme as recorded in source: Water
C51,Commonwealth Tracker (Past),,Pacific Environment Community Fund Project for Nauru,,Energy,TBC,TBC,Grant,Government of Japan,Government of Japan,3.85,2012,2012,,Completed,Funded,Energy & fuel security,,,"Sectoral theme as recorded in source: Energy, water"
C52,Commonwealth Tracker (Past),,Grant Assistance for Grassroots Human Security Project (GGP),,Water & Sanitation,TBC,TBC,Grant,Government of Japan,Government of Japan,0.096,2013,2014,,Completed,Funded,Drought & water security,,,Sectoral theme as recorded in source: Water
C53,Commonwealth Tracker (Past),,Sustainable and Climate Resilient Connectivity Project,,Climate Change (General),TBC,TBC,Grant,Government of Australia,Government of Australia,14.7,2020,2021,,Completed,Funded,General climate resilience,,,Sectoral theme as recorded in source: Climate change
C54,Commonwealth Tracker (Past),,AusAID supported Project for Household Water Tank,,Water & Sanitation,TBC,TBC,Grant,Government of Australia,Government of Australia,1.2,2012,2012,,Completed,Funded,Drought & water security,,,Sectoral theme as recorded in source: Water
C55,Commonwealth Tracker (Past),,Climate Change Financing National Case Study,,Multi-Sector,TBC,TBC,Grant,Government of Australia,Government of Australia,0.15,2012,2013,,Completed,Funded,General climate resilience,,,Sectoral theme as recorded in source: Multi-sector
C56,Commonwealth Tracker (Past),,"Environment Resource Adviser for Nauru Department of Commerce, Industry and Environment (DCIE)",,Multi-Sector,TBC,TBC,Grant,Government of Australia,Government of Australia,0.3,2012,2014,,Completed,Funded,General climate resilience,,,Sectoral theme as recorded in source: Multi-sector
C57,Commonwealth Tracker (Past),,Nauru Coastal Protection Immediate Response Project,,Coastal & Marine,TBC,TBC,Grant,Government of Australia,Government of Australia,0.5,2012,2012,,Completed,Funded,Coastal erosion & sea-level rise,,,Sectoral theme as recorded in source: Coastal protection
C58,Commonwealth Tracker (Past),,International Climate Change Adaptation Initiative Phase II,,Agriculture & Food,TBC,TBC,Grant,Government of Australia,Government of Australia,0.35,2011,2013,,Completed,Funded,Food insecurity,,,Sectoral theme as recorded in source: Agriculture and food security
C59,Commonwealth Tracker (Past),,Pacific–Australian Climate Change Science and Adaptation Planning Project,,Multi-Sector,TBC,TBC,Grant,Government of Australia,Government of Australia,32.0,2012,2013,,Completed,Funded,General climate resilience,,,Sectoral theme as recorded in source: Multi-sector
C60,Commonwealth Tracker (Past),,Pacific Climate Change Science Programme,,Multi-Sector,TBC,TBC,Grant,Government of Australia,Government of Australia,20.0,2009,2012,,Completed,Funded,General climate resilience,,,Sectoral theme as recorded in source: Multi-sector
C61,Commonwealth Tracker (Past),,Climate and Oceans Support Program in the Pacific,,Multi-Sector,TBC,TBC,Grant,Government of Australia,Government of Australia,32.0,2012,2016,,Completed,Funded,General climate resilience,,,Sectoral theme as recorded in source: Multi-sector
C62,Commonwealth Tracker (Past),,Pacific Adaptation Strategy Assistance Program,,Multi-Sector,TBC,TBC,Grant,Government of Australia,Government of Australia,12.0,2009,2012,,Completed,Funded,General climate resilience,,,Sectoral theme as recorded in source: Multi-sector
C63,Commonwealth Tracker (Past),,Pacific Islands Renewable Energy Project,,Multi-Sector,TBC,TBC,Grant,Government of Australia,Government of Australia,0.7,2003,2007,,Completed,Funded,General climate resilience,,,Sectoral theme as recorded in source: Multi-sector
C64,Commonwealth Tracker (Past),,South Pacific Sea Level and Climate Monitoring Project Phase IV,,Multi-Sector,TBC,TBC,Grant,Government of Australia,Government of Australia,16.0,2005,2016,,Completed,Funded,General climate resilience,,,Sectoral theme as recorded in source: Multi-sector
C65,Commonwealth Tracker (Past),,Nauru Energy Efficiency,,Energy,TBC,TBC,Grant,Government of New Zealand,Government of New Zealand,0.61,2023,2024,,Completed,Funded,Energy & fuel security,,,Sectoral theme as recorded in source: Energy
C66,Commonwealth Tracker (Past),,Nauru Renewable Energy Initiative,,Energy,TBC,TBC,Grant,Government of New Zealand,Government of New Zealand,3.79,2020,2023,,Completed,Funded,Energy & fuel security,,,Sectoral theme as recorded in source: Energy
C67,Commonwealth Tracker (Past),,GEF/NZAID Small Grants Programme,,Water & Sanitation,TBC,TBC,Grant,Government of New Zealand,Government of New Zealand,1.88,2007,2011,,Completed,Funded,Drought & water security,,,"Sectoral theme as recorded in source: Water, energy"
C68,Commonwealth Tracker (Past),,Climate Change Fund,,Climate Change (General),TBC,TBC,Grant,Taiwan,Taiwan,1.49,2023,2024,,Completed,Funded,General climate resilience,,,Sectoral theme as recorded in source: Climate change
C69,Commonwealth Tracker (Past),,Solar Power Panels,,Energy,TBC,TBC,Grants,Taiwan,Taiwan,2.63,2020,2024,,Completed,Funded,Energy & fuel security,,,Sectoral theme as recorded in source: Renewable energy and climate change
C70,Commonwealth Tracker (Past),,Taiwan supported additional 15.84 kW of solar photovoltaic,,Energy,TBC,TBC,Grant,Taiwan,Taiwan,0.96,2012,2012,,Completed,Funded,Energy & fuel security,,,Sectoral theme as recorded in source: Energy
C71,Commonwealth Tracker (Past),,Nauru Energy Project,,Energy,TBC,TBC,Grant,Taiwan,Taiwan,0.6,2012,2012,,Completed,Funded,Energy & fuel security,,,Sectoral theme as recorded in source: Energy
C72,Commonwealth Tracker (Past),,Solar Distillation,,Energy,TBC,TBC,Grant,Canada,Canada,0.054,2021,2022,,Completed,Funded,Energy & fuel security,,,Sectoral theme as recorded in source: Renewable energy
C73,Commonwealth Tracker (Past),,Pacific Islands Energy Policy and Strategic Action Planning,,Multi-Sector,TBC,TBC,Grant,Government of Denmark,Government of Denmark,2.0,2004,2008,,Completed,Funded,General climate resilience,,,Sectoral theme as recorded in source: Multi-sector
C74,Commonwealth Tracker (Past),,ITU – Enhanced capacity on ICT and Climate Change and E-WASTE management,,Multi-Sector,TBC,TBC,Grant,United Nations (UN),United Nations (UN),0.022,2023,2024,,Completed,Funded,General climate resilience,,,Sectoral theme as recorded in source: Multi-sector
C75,Commonwealth Tracker (Past),,UNESCO – Strengthened NTWC and NDMO capacity to effectively warn people and 100% tsunami at-risk communities to be officially recognised tsunami ready by 2030,,Disaster Risk Reduction,TBC,TBC,Grant,United Nations (UN),United Nations (UN),0.044,2023,2024,,Completed,Funded,Multi-hazard preparedness,,,Sectoral theme as recorded in source: DRR
C76,Commonwealth Tracker (Past),,WFP– Strengthened national capacities to prepare and respond to climate change and other shocks that affect food security and nutrition through better data collection and analysis to conduct vulnerability and post-disaster assessments (including using GIS mapping),,Multi-Sector,TBC,TBC,Grant,United Nations (UN),United Nations (UN),0.17,2023,2024,,Completed,Funded,General climate resilience,,,Sectoral theme as recorded in source: Multi-sector
C77,Commonwealth Tracker (Past),,UNEP Ozone Depleting Substances,,Multi-Sector,TBC,TBC,Grant,United Nations (UN),United Nations (UN),0.063,2012,2013,,Completed,Funded,General climate resilience,,,Sectoral theme as recorded in source: Multi-sector
C78,Commonwealth Tracker (Past),,UNEP – Ecosystem Restoration and Sustainable Land Management and Preparation and implementation of HCFC phase-out management,,Multi-Sector,TBC,TBC,Grant,United Nations (UN),United Nations (UN),0.636,2022,2023,,Completed,Funded,General climate resilience,,,Sectoral theme as recorded in source: Multi-sector
C79,Commonwealth Tracker (Past),,Nauru Integrated Water Resource Management,,Water & Sanitation,TBC,TBC,Grant,United Nations (UN),United Nations (UN),1.2,2009,2013,,Completed,Funded,Drought & water security,,,Sectoral theme as recorded in source: Water
C80,Commonwealth Tracker (Past),,UNDP – Supporting Mainstreamed Achievement of Roadmap Targets on Energy in Nauru (SMARTEN),,Energy,TBC,TBC,Grant,United Nations (UN),United Nations (UN),5.32,2020,2024,,Completed,Funded,Energy & fuel security,,,Sectoral theme as recorded in source: Energy and climate change
C81,Commonwealth Tracker (Past),,Ridge to Reef Program,,Environment & Biodiversity,TBC,TBC,Grant,United Nations (UN),United Nations (UN),0.774,2015,2022,,Completed,Funded,Land & marine environment,,,Sectoral theme as recorded in source: Biodiversity and ecosystem protection
C82,Commonwealth Tracker (Past),,"PAS: Low Carbon-Energy Islands – Accelerating the Use of Energy Efficient and Renewable Energy Technologies in Tuvalu, Niue and Nauru",,Climate Change (General),TBC,TBC,Grant,International Union for Conservation of Nature (IUCN),International Union for Conservation of Nature (IUCN),1.29,2013,2021,,Completed,Funded,General climate resilience,,,Sectoral theme as recorded in source: Climate change mitigation
C83,Commonwealth Tracker (Past),,Integrated Water Management GCCA + SUPA,,Climate Change (General),TBC,TBC,Grant,Secretariat for the Pacific Community (SPC),Secretariat for the Pacific Community (SPC),0.998,2019,2023,,Completed,Funded,General climate resilience,,,Sectoral theme as recorded in source: Climate change adaptation
C84,Commonwealth Tracker (Past),,IUCN GEFPAS Low Carbon Islands Project,,Climate Change (General),TBC,TBC,Grant,Secretariat for the Pacific Community (SPC),Secretariat for the Pacific Community (SPC),0.08,2015,2015,,Completed,Funded,General climate resilience,,,Sectoral theme as recorded in source: Climate change
C85,Commonwealth Tracker (Past),,FAO Food Security Program,,Agriculture & Food,TBC,TBC,Grant,Food and Agriculture Organization of the United Nations (FAO),Food and Agriculture Organization of the United Nations (FAO),0.034,2012,2013,,Completed,Funded,Food insecurity,,,Sectoral theme as recorded in source: Food security
R001,RONAdapt II Pipeline (Future),Sustainable Milkfish Aquaculture Development and Capacity Enhancement Programme,"Hatchery Expansion & Juvenile Production (upgrade capacity, tanks, pumps, broodstock management, renewable energy upgrades)",,Fisheries & Aquaculture,TBC,TBC,TBC,"DFAT/MFAT, FAO, ADB, JICA","DFAT/MFAT, FAO, ADB, JICA",0.4,2025,2030,Phase 1 (Near-term),Proposed,Unspecified,Food insecurity,,,
R002,RONAdapt II Pipeline (Future),Sustainable Milkfish Aquaculture Development and Capacity Enhancement Programme,"Buada Lagoon Sediment Removal & Pond Preparation (dredging, aeration, water quality improvement, expanded vegetation restoration)",,Fisheries & Aquaculture,TBC,TBC,TBC,"GCF Small Grants, SPREP, EU, UNEP, RON Gov","GCF Small Grants, SPREP, EU, UNEP, RON Gov",0.325,2025,2030,Phase 1 (Near-term),Proposed,Unspecified,Food insecurity,,,
R003,RONAdapt II Pipeline (Future),Sustainable Milkfish Aquaculture Development and Capacity Enhancement Programme,"Transport & Grow-out Systems (boats, tanks, aerators, feed systems)",,Fisheries & Aquaculture,TBC,TBC,TBC,"FAO, SPC, Private Sector","FAO, SPC, Private Sector",0.15,2025,2030,Phase 1 (Near-term),Proposed,Unspecified,Food insecurity,,,
R004,RONAdapt II Pipeline (Future),Sustainable Milkfish Aquaculture Development and Capacity Enhancement Programme,Leaseholder Training & Capacity Building (including disability-inclusive and youth training),,Fisheries & Aquaculture,TBC,TBC,TBC,"GIZ, SPC Land Resources Division, UNDP","GIZ, SPC Land Resources Division, UNDP",0.125,2025,2030,Phase 1 (Near-term),Proposed,Unspecified,Food insecurity,,,
R005,RONAdapt II Pipeline (Future),Sustainable Milkfish Aquaculture Development and Capacity Enhancement Programme,Capacity building and awareness of traditional methods of farming milkfish,,Fisheries & Aquaculture,TBC,TBC,TBC,"DFAT/MFAT, FAO, ADB, JICA","DFAT/MFAT, FAO, ADB, JICA",0.1,2025,2030,Phase 1 (Near-term),Proposed,Unspecified,Food insecurity,,,
R006,RONAdapt II Pipeline (Future),Sustainable Milkfish Aquaculture Development and Capacity Enhancement Programme,"Monitoring, Biosecurity & EIA Compliance (5-year plan)",,Fisheries & Aquaculture,TBC,TBC,TBC,"SPREP, RON Gov, GCF","SPREP, RON Gov, GCF",0.1,2025,2030,Phase 1 (Near-term),Proposed,Unspecified,Food insecurity,,,
R007,RONAdapt II Pipeline (Future),Sustainable Milkfish Aquaculture Development and Capacity Enhancement Programme,Contingency (15% of sub-total) – Price & logistics risk,,Fisheries & Aquaculture,TBC,TBC,TBC,"RON Gov Co-finance, Donor Overheads","RON Gov Co-finance, Donor Overheads",0.146,2025,2030,Phase 1 (Near-term),Proposed,Unspecified,Food insecurity,,,
R008,RONAdapt II Pipeline (Future),Sustainable Milkfish Aquaculture Development and Capacity Enhancement Programme,Hatchery expansion & renewable energy integration,,Fisheries & Aquaculture,TBC,TBC,TBC,"DFAT/MFAT, GCF, IFAD","DFAT/MFAT, GCF, IFAD",1.2,2027,2035,Phase 2 (Medium-term),Proposed,Unspecified,Food insecurity,,,
R009,RONAdapt II Pipeline (Future),Sustainable Milkfish Aquaculture Development and Capacity Enhancement Programme,Grow-out Pond construction (5–7 new ponds),,Fisheries & Aquaculture,TBC,TBC,TBC,"EU, FAO, SPC","EU, FAO, SPC",1.0,2027,2035,Phase 2 (Medium-term),Proposed,Unspecified,Food insecurity,,,
R010,RONAdapt II Pipeline (Future),Sustainable Milkfish Aquaculture Development and Capacity Enhancement Programme,Feed production facility,,Fisheries & Aquaculture,TBC,TBC,TBC,"FAO, Private Sector","FAO, Private Sector",0.5,2027,2035,Phase 2 (Medium-term),Proposed,Unspecified,Food insecurity,,,
R011,RONAdapt II Pipeline (Future),Sustainable Milkfish Aquaculture Development and Capacity Enhancement Programme,Training centre development,,Fisheries & Aquaculture,TBC,TBC,TBC,"SPC, FAO, UNDP","SPC, FAO, UNDP",0.6,2027,2035,Phase 2 (Medium-term),Proposed,Unspecified,Food insecurity,,,
R012,RONAdapt II Pipeline (Future),Sustainable Milkfish Aquaculture Development and Capacity Enhancement Programme,Cooperative strengthening & association setup,,Fisheries & Aquaculture,TBC,TBC,TBC,"RON Gov, Donors","RON Gov, Donors",0.2,2027,2035,Phase 2 (Medium-term),Proposed,Unspecified,Food insecurity,,,
R013,RONAdapt II Pipeline (Future),Sustainable Milkfish Aquaculture Development and Capacity Enhancement Programme,National aquaculture complex,,Fisheries & Aquaculture,TBC,TBC,TBC,"GCF, DFAT, MFAT, JICA","GCF, DFAT, MFAT, JICA",4.0,2035,2040,Phase 3 (Long-term),Proposed,Unspecified,Food insecurity,,,
R014,RONAdapt II Pipeline (Future),Sustainable Milkfish Aquaculture Development and Capacity Enhancement Programme,Processing & export facility,,Fisheries & Aquaculture,TBC,TBC,TBC,"ADB, Private Sector","ADB, Private Sector",2.0,2035,2040,Phase 3 (Long-term),Proposed,Unspecified,Food insecurity,,,
R015,RONAdapt II Pipeline (Future),Sustainable Milkfish Aquaculture Development and Capacity Enhancement Programme,Feed mill development,,Fisheries & Aquaculture,TBC,TBC,TBC,"FAO, SPC, IFAD","FAO, SPC, IFAD",1.5,2035,2040,Phase 3 (Long-term),Proposed,Unspecified,Food insecurity,,,
R016,RONAdapt II Pipeline (Future),Sustainable Milkfish Aquaculture Development and Capacity Enhancement Programme,Cold storage & distribution hub,,Fisheries & Aquaculture,TBC,TBC,TBC,"PRC, DFAT, MFAT","PRC, DFAT, MFAT",1.5,2035,2040,Phase 3 (Long-term),Proposed,Unspecified,Food insecurity,,,
R017,RONAdapt II Pipeline (Future),Sustainable Milkfish Aquaculture Development and Capacity Enhancement Programme,Institutionalisation & capacity strengthening,,Fisheries & Aquaculture,TBC,TBC,TBC,"RON Gov, Donors","RON Gov, Donors",1.0,2035,2040,Phase 3 (Long-term),Proposed,Unspecified,Food insecurity,,,
R018,RONAdapt II Pipeline (Future),Multi-Hazard Early Warning & Emergency Operations,National Warning Establishment (CAP + channels),,Disaster Risk Reduction,TBC,TBC,TBC,"PRIF, ADB/WB TA, SPREP, SPC, WMO/UNDRR/CREWS","PRIF, ADB/WB TA, SPREP, SPC, WMO/UNDRR/CREWS",0.82,2025,2030,Phase 1 (Near-term),Proposed,Unspecified,Multi-hazard preparedness,,,
R019,RONAdapt II Pipeline (Future),Multi-Hazard Early Warning & Emergency Operations,Emergency Operations Centre,,Disaster Risk Reduction,TBC,TBC,TBC,"PRIF, ADB/WB TA, SPREP, SPC, WMO/UNDRR/CREWS","PRIF, ADB/WB TA, SPREP, SPC, WMO/UNDRR/CREWS",0.56,2025,2030,Phase 1 (Near-term),Proposed,Unspecified,Multi-hazard preparedness,,,
R020,RONAdapt II Pipeline (Future),Multi-Hazard Early Warning & Emergency Operations,Risk-to-Action Implementation,,Disaster Risk Reduction,TBC,TBC,TBC,"PRIF, ADB/WB TA, SPREP, SPC, WMO/UNDRR/CREWS","PRIF, ADB/WB TA, SPREP, SPC, WMO/UNDRR/CREWS",0.18,2025,2030,Phase 1 (Near-term),Proposed,Unspecified,Multi-hazard preparedness,,,
R021,RONAdapt II Pipeline (Future),Multi-Hazard Early Warning & Emergency Operations,Community Readiness,,Disaster Risk Reduction,TBC,TBC,TBC,"PRIF, ADB/WB TA, SPREP, SPC, WMO/UNDRR/CREWS","PRIF, ADB/WB TA, SPREP, SPC, WMO/UNDRR/CREWS",0.12,2025,2030,Phase 1 (Near-term),Proposed,Unspecified,Multi-hazard preparedness,,,
R022,RONAdapt II Pipeline (Future),Multi-Hazard Early Warning & Emergency Operations,PMU & MEL,,Disaster Risk Reduction,TBC,TBC,TBC,"PRIF, ADB/WB TA, SPREP, SPC, WMO/UNDRR/CREWS","PRIF, ADB/WB TA, SPREP, SPC, WMO/UNDRR/CREWS",0.15,2025,2030,Phase 1 (Near-term),Proposed,Unspecified,Multi-hazard preparedness,,,
R023,RONAdapt II Pipeline (Future),Multi-Hazard Early Warning & Emergency Operations,Contingency (12%),,Disaster Risk Reduction,TBC,TBC,TBC,Mixed donors & GoN,Mixed donors & GoN,0.2196,2025,2030,Phase 1 (Near-term),Proposed,Unspecified,Multi-hazard preparedness,,,
R024,RONAdapt II Pipeline (Future),Multi-Hazard Early Warning & Emergency Operations,Expansion of CAP gateway with multi-hazard feeds,,Disaster Risk Reduction,TBC,TBC,TBC,"WMO, UNDRR, CREWS","WMO, UNDRR, CREWS",0.5,2027,2035,Phase 2 (Medium-term),Proposed,Unspecified,Multi-hazard preparedness,,,
R025,RONAdapt II Pipeline (Future),Multi-Hazard Early Warning & Emergency Operations,Additional outdoor sirens (10–12 units),,Disaster Risk Reduction,TBC,TBC,TBC,"DFAT, MFAT, EU, JICA","DFAT, MFAT, EU, JICA",0.4,2027,2035,Phase 2 (Medium-term),Proposed,Unspecified,Multi-hazard preparedness,,,
R026,RONAdapt II Pipeline (Future),Multi-Hazard Early Warning & Emergency Operations,National Cell Broadcast rollout,,Disaster Risk Reduction,TBC,TBC,TBC,"ITU, ADB, World Bank","ITU, ADB, World Bank",1.5,2027,2035,Phase 2 (Medium-term),Proposed,Unspecified,Multi-hazard preparedness,,,
R027,RONAdapt II Pipeline (Future),Multi-Hazard Early Warning & Emergency Operations,Dedicated Emergency Operations Centre facility,,Disaster Risk Reduction,TBC,TBC,TBC,"ADB, World Bank, GCF","ADB, World Bank, GCF",2.0,2027,2035,Phase 2 (Medium-term),Proposed,Unspecified,Multi-hazard preparedness,,,
R028,RONAdapt II Pipeline (Future),Multi-Hazard Early Warning & Emergency Operations,National public alerting app + ICT integration,,Disaster Risk Reduction,TBC,TBC,TBC,"SPC, UNDP, ITU","SPC, UNDP, ITU",0.3,2027,2035,Phase 2 (Medium-term),Proposed,Unspecified,Multi-hazard preparedness,,,
R029,RONAdapt II Pipeline (Future),Multi-Hazard Early Warning & Emergency Operations,Institutionalised ICS training & 2 national drills,,Disaster Risk Reduction,TBC,TBC,TBC,"UNDRR, UNDP, DFAT","UNDRR, UNDP, DFAT",0.3,2027,2035,Phase 2 (Medium-term),Proposed,Unspecified,Multi-hazard preparedness,,,
R030,RONAdapt II Pipeline (Future),Multi-Hazard Early Warning & Emergency Operations,Phase 2 contingency (12%),,Disaster Risk Reduction,TBC,TBC,TBC,"RON Gov, Donors","RON Gov, Donors",0.6,2027,2035,Phase 2 (Medium-term),Proposed,Unspecified,Multi-hazard preparedness,,,
R031,RONAdapt II Pipeline (Future),Multi-Hazard Early Warning & Emergency Operations,Resilient communications backbone,,Disaster Risk Reduction,TBC,TBC,TBC,"ADB, World Bank, EIB","ADB, World Bank, EIB",3.0,2035,2040,Phase 3 (Long-term),Proposed,Unspecified,Multi-hazard preparedness,,,
R032,RONAdapt II Pipeline (Future),Multi-Hazard Early Warning & Emergency Operations,National Emergency & Climate Resilience Centre,,Disaster Risk Reduction,TBC,TBC,TBC,"GCF, ADB, WB, DFAT, MFAT","GCF, ADB, WB, DFAT, MFAT",7.0,2035,2040,Phase 3 (Long-term),Proposed,Unspecified,Multi-hazard preparedness,,,
R033,RONAdapt II Pipeline (Future),Multi-Hazard Early Warning & Emergency Operations,Regional CAP interoperability & Cell Broadcast integration,,Disaster Risk Reduction,TBC,TBC,TBC,"ITU, WMO, CREWS","ITU, WMO, CREWS",2.0,2035,2040,Phase 3 (Long-term),Proposed,Unspecified,Multi-hazard preparedness,,,
R034,RONAdapt II Pipeline (Future),Multi-Hazard Early Warning & Emergency Operations,Advanced forecast-based hazard detection,,Disaster Risk Reduction,TBC,TBC,TBC,"UNDRR, CREWS, SPC","UNDRR, CREWS, SPC",1.0,2035,2040,Phase 3 (Long-term),Proposed,Unspecified,Multi-hazard preparedness,,,
R035,RONAdapt II Pipeline (Future),Multi-Hazard Early Warning & Emergency Operations,"Governance, recurrent budget, and institutional strengthening",,Disaster Risk Reduction,TBC,TBC,TBC,"UNDP, RON Gov, Donors","UNDP, RON Gov, Donors",1.5,2035,2040,Phase 3 (Long-term),Proposed,Unspecified,Multi-hazard preparedness,,,
R036,RONAdapt II Pipeline (Future),Multi-Hazard Early Warning & Emergency Operations,Phase 3 contingency (10%),,Disaster Risk Reduction,TBC,TBC,TBC,"RON Gov, Donors","RON Gov, Donors",1.4,2035,2040,Phase 3 (Long-term),Proposed,Unspecified,Multi-hazard preparedness,,,
R037,RONAdapt II Pipeline (Future),Water Storage for Drought Preparedness,"Tank, logistics, civils, pipework, basic RTU",,Water & Sanitation,TBC,TBC,TBC,PRIF bilateral grant,PRIF bilateral grant,1.1808,2025,2030,Phase 1 (Near-term),Proposed,Unspecified,Drought & water security,,,
R038,RONAdapt II Pipeline (Future),Water Storage for Drought Preparedness,"Activity design, peer review, EIA/ESMP support, supervision",,Water & Sanitation,TBC,TBC,TBC,ADB/WB TA grant via NSUDP PMU,ADB/WB TA grant via NSUDP PMU,0.2952,2025,2030,Phase 1 (Near-term),Proposed,Unspecified,Drought & water security,,,
R039,RONAdapt II Pipeline (Future),Water Storage for Drought Preparedness,"SCADA central integration, pump-station VFDs, consolidated freight",,Water & Sanitation,TBC,TBC,TBC,NSUDP co-financing/variation,NSUDP co-financing/variation,0.2952,2025,2030,Phase 1 (Near-term),Proposed,Unspecified,Drought & water security,,,
R040,RONAdapt II Pipeline (Future),Water Storage for Drought Preparedness,"Land, permits, staff time, minor O&M",,Water & Sanitation,TBC,TBC,TBC,Government of Nauru,Government of Nauru,0.0984,2025,2030,Phase 1 (Near-term),Proposed,Unspecified,Drought & water security,,,
R041,RONAdapt II Pipeline (Future),Water Storage for Drought Preparedness,Price risk / schedule float,,Water & Sanitation,TBC,TBC,TBC,Unallocated contingency buffer,Unallocated contingency buffer,0.0984,2025,2030,Phase 1 (Near-term),Proposed,Unspecified,Drought & water security,,,
R042,RONAdapt II Pipeline (Future),Water Storage for Drought Preparedness,Construction of 1–2 additional 3 ML tanks,,Water & Sanitation,TBC,TBC,TBC,"GCF, Adaptation Fund, PRIF","GCF, Adaptation Fund, PRIF",2.4,2027,2035,Phase 2 (Medium-term),Proposed,Unspecified,Drought & water security,,,
R043,RONAdapt II Pipeline (Future),Water Storage for Drought Preparedness,Expanded SCADA integration across all tanks & pump stations,,Water & Sanitation,TBC,TBC,TBC,"ADB, World Bank, SPC","ADB, World Bank, SPC",0.6,2027,2035,Phase 2 (Medium-term),Proposed,Unspecified,Drought & water security,,,
R044,RONAdapt II Pipeline (Future),Water Storage for Drought Preparedness,Pump station redundancy upgrades,,Water & Sanitation,TBC,TBC,TBC,"DFAT/MFAT, NSUDP","DFAT/MFAT, NSUDP",0.45,2027,2035,Phase 2 (Medium-term),Proposed,Unspecified,Drought & water security,,,
R045,RONAdapt II Pipeline (Future),Water Storage for Drought Preparedness,Rainwater harvesting integration into tanks,,Water & Sanitation,TBC,TBC,TBC,"UNICEF, SPC, EU","UNICEF, SPC, EU",0.35,2027,2035,Phase 2 (Medium-term),Proposed,Unspecified,Drought & water security,,,
R046,RONAdapt II Pipeline (Future),Water Storage for Drought Preparedness,District-level operator & warden training,,Water & Sanitation,TBC,TBC,TBC,"UNDP, WHO, SPC","UNDP, WHO, SPC",0.2,2027,2035,Phase 2 (Medium-term),Proposed,Unspecified,Drought & water security,,,
R047,RONAdapt II Pipeline (Future),Water Storage for Drought Preparedness,Phase 2 contingency (10%),,Water & Sanitation,TBC,TBC,TBC,Mixed donors & GoN,Mixed donors & GoN,0.4,2027,2035,Phase 2 (Medium-term),Proposed,Unspecified,Drought & water security,,,
R048,RONAdapt II Pipeline (Future),Water Storage for Drought Preparedness,National Water Storage & Resilience Hub,,Water & Sanitation,TBC,TBC,TBC,"GCF, ADB, World Bank","GCF, ADB, World Bank",6.0,2035,2040,Phase 3 (Long-term),Proposed,Unspecified,Drought & water security,,,
R049,RONAdapt II Pipeline (Future),Water Storage for Drought Preparedness,Demand forecasting system linked to early warning,,Water & Sanitation,TBC,TBC,TBC,"CREWS, UNDRR, SPC","CREWS, UNDRR, SPC",1.0,2035,2040,Phase 3 (Long-term),Proposed,Unspecified,Drought & water security,,,
R050,RONAdapt II Pipeline (Future),Water Storage for Drought Preparedness,Community/district storage tanks,,Water & Sanitation,TBC,TBC,TBC,"UNICEF, DFAT, EU","UNICEF, DFAT, EU",2.0,2035,2040,Phase 3 (Long-term),Proposed,Unspecified,Drought & water security,,,
R051,RONAdapt II Pipeline (Future),Water Storage for Drought Preparedness,Emergency water reserves for critical facilities,,Water & Sanitation,TBC,TBC,TBC,"WHO, UNICEF, Adaptation Fund","WHO, UNICEF, Adaptation Fund",1.5,2035,2040,Phase 3 (Long-term),Proposed,Unspecified,Drought & water security,,,
R052,RONAdapt II Pipeline (Future),Water Storage for Drought Preparedness,Institutionalisation of O&M,,Water & Sanitation,TBC,TBC,TBC,"Government of Nauru, UNDP","Government of Nauru, UNDP",1.0,2035,2040,Phase 3 (Long-term),Proposed,Unspecified,Drought & water security,,,
R053,RONAdapt II Pipeline (Future),Water Storage for Drought Preparedness,Phase 3 contingency (10%),,Water & Sanitation,TBC,TBC,TBC,"Multilateral, bilateral & GoN support","Multilateral, bilateral & GoN support",1.15,2035,2040,Phase 3 (Long-term),Proposed,Unspecified,Drought & water security,,,
R054,RONAdapt II Pipeline (Future),Renewable Energy Water Systems for Farms,2× BWRO sites (10 m³/d each),,Energy,TBC,TBC,TBC,"DFAT/MFAT, GCF Small Grants, FAO","DFAT/MFAT, GCF Small Grants, FAO",0.376,2025,2030,Phase 1 (Near-term),Proposed,Unspecified,Energy & fuel security,,,
R055,RONAdapt II Pipeline (Future),Renewable Energy Water Systems for Farms,1× SWRO site (10 m³/d),,Energy,TBC,TBC,TBC,"SPC-EU, UNDP","SPC-EU, UNDP",0.261,2025,2030,Phase 1 (Near-term),Proposed,Unspecified,Energy & fuel security,,,
R056,RONAdapt II Pipeline (Future),Renewable Energy Water Systems for Farms,Program Setup and Implementation,,Energy,TBC,TBC,TBC,"FAO, SPC, GIZ, SPREP","FAO, SPC, GIZ, SPREP",0.29,2025,2030,Phase 1 (Near-term),Proposed,Unspecified,Energy & fuel security,,,
R057,RONAdapt II Pipeline (Future),Renewable Energy Water Systems for Farms,Phase 1 contingency (10%),,Energy,TBC,TBC,TBC,"RON Government Co-finance, Donor overhead allowances","RON Government Co-finance, Donor overhead allowances",0.095,2025,2030,Phase 1 (Near-term),Proposed,Unspecified,Energy & fuel security,,,
R058,RONAdapt II Pipeline (Future),Renewable Energy Water Systems for Farms,Rehabilitation & upgrading of the 3 pilot farm systems,,Energy,TBC,TBC,TBC,"DFAT/MFAT, GCF, FAO","DFAT/MFAT, GCF, FAO",0.45,2027,2035,Phase 2 (Medium-term),Proposed,Unspecified,Energy & fuel security,,,
R059,RONAdapt II Pipeline (Future),Renewable Energy Water Systems for Farms,Expansion to 4th government-owned farm site,,Energy,TBC,TBC,TBC,"JICA, EU PRIF, SPC","JICA, EU PRIF, SPC",0.4,2027,2035,Phase 2 (Medium-term),Proposed,Unspecified,Energy & fuel security,,,
R060,RONAdapt II Pipeline (Future),Renewable Energy Water Systems for Farms,Centralised SCADA integration across farm systems,,Energy,TBC,TBC,TBC,"ADB, World Bank, ITU","ADB, World Bank, ITU",0.3,2027,2035,Phase 2 (Medium-term),Proposed,Unspecified,Energy & fuel security,,,
R061,RONAdapt II Pipeline (Future),Renewable Energy Water Systems for Farms,Farmer capacity building,,Energy,TBC,TBC,TBC,"FAO, SPC Land Resources, UNDP","FAO, SPC Land Resources, UNDP",0.1,2027,2035,Phase 2 (Medium-term),Proposed,Unspecified,Energy & fuel security,,,
R062,RONAdapt II Pipeline (Future),Renewable Energy Water Systems for Farms,Spare parts warehouse & logistics buffer,,Energy,TBC,TBC,TBC,"GIZ, SPREP, RON Gov","GIZ, SPREP, RON Gov",0.1,2027,2035,Phase 2 (Medium-term),Proposed,Unspecified,Energy & fuel security,,,
R063,RONAdapt II Pipeline (Future),Renewable Energy Water Systems for Farms,Phase 2 contingency (10%),,Energy,TBC,TBC,TBC,RON Government and mixed donors,RON Government and mixed donors,0.135,2027,2035,Phase 2 (Medium-term),Proposed,Unspecified,Energy & fuel security,,,
R064,RONAdapt II Pipeline (Future),Renewable Energy Water Systems for Farms,Farm Water & Energy Resilience Hub,,Energy,TBC,TBC,TBC,"GCF, ADB, World Bank","GCF, ADB, World Bank",2.5,2035,2040,Phase 3 (Long-term),Proposed,Unspecified,Energy & fuel security,,,
R065,RONAdapt II Pipeline (Future),Renewable Energy Water Systems for Farms,Long-term O&M institutionalisation,,Energy,TBC,TBC,TBC,"UNDP, Adaptation Fund, RON Gov","UNDP, Adaptation Fund, RON Gov",1.0,2035,2040,Phase 3 (Long-term),Proposed,Unspecified,Energy & fuel security,,,
R066,RONAdapt II Pipeline (Future),Renewable Energy Water Systems for Farms,Demand forecasting + drought-response modelling,,Energy,TBC,TBC,TBC,"CREWS, UNDRR, FAO","CREWS, UNDRR, FAO",0.5,2035,2040,Phase 3 (Long-term),Proposed,Unspecified,Energy & fuel security,,,
R067,RONAdapt II Pipeline (Future),Renewable Energy Water Systems for Farms,Emergency water reserves at farm hubs,,Energy,TBC,TBC,TBC,"EU, UNICEF, DFAT","EU, UNICEF, DFAT",0.8,2035,2040,Phase 3 (Long-term),Proposed,Unspecified,Energy & fuel security,,,
R068,RONAdapt II Pipeline (Future),Renewable Energy Water Systems for Farms,Inclusion programmes,,Energy,TBC,TBC,TBC,"SPC, FAO","SPC, FAO",0.2,2035,2040,Phase 3 (Long-term),Proposed,Unspecified,Energy & fuel security,,,
R069,RONAdapt II Pipeline (Future),Renewable Energy Water Systems for Farms,Phase 3 contingency (10%),,Energy,TBC,TBC,TBC,Mixed donors & GoN,Mixed donors & GoN,0.5,2035,2040,Phase 3 (Long-term),Proposed,Unspecified,Energy & fuel security,,,
R070,RONAdapt II Pipeline (Future),"Development and Implementation of an Integrated Coastal Management Plan, including Strategic Seawall Construction","Civil works, small equipment",,Coastal & Marine,TBC,TBC,TBC,DFAT/MFAT/EU/JICA,DFAT/MFAT/EU/JICA,0.7641,2025,2030,Phase 1 (Near-term),Proposed,Unspecified,Coastal erosion & sea-level rise,,,
R071,RONAdapt II Pipeline (Future),"Development and Implementation of an Integrated Coastal Management Plan, including Strategic Seawall Construction","Design, EIA support, supervision, PMU set-up",,Coastal & Marine,TBC,TBC,TBC,ADB TA grant,ADB TA grant,0.3396,2025,2030,Phase 1 (Near-term),Proposed,Unspecified,Coastal erosion & sea-level rise,,,
R072,RONAdapt II Pipeline (Future),"Development and Implementation of an Integrated Coastal Management Plan, including Strategic Seawall Construction","ICM policy/mapping, NBS, monitoring system",,Coastal & Marine,TBC,TBC,TBC,GCF Readiness/SAP,GCF Readiness/SAP,0.2547,2025,2030,Phase 1 (Near-term),Proposed,Unspecified,Coastal erosion & sea-level rise,,,
R073,RONAdapt II Pipeline (Future),"Development and Implementation of an Integrated Coastal Management Plan, including Strategic Seawall Construction","Comms/signage, training, O&M manuals",,Coastal & Marine,TBC,TBC,TBC,Another PRIF partner,Another PRIF partner,0.2547,2025,2030,Phase 1 (Near-term),Proposed,Unspecified,Coastal erosion & sea-level rise,,,
R074,RONAdapt II Pipeline (Future),"Development and Implementation of an Integrated Coastal Management Plan, including Strategic Seawall Construction","Staff time, site access, utilities, storage",,Coastal & Marine,TBC,TBC,TBC,Government co-finance,Government co-finance,0.0849,2025,2030,Phase 1 (Near-term),Proposed,Unspecified,Coastal erosion & sea-level rise,,,
R075,RONAdapt II Pipeline (Future),"Development and Implementation of an Integrated Coastal Management Plan, including Strategic Seawall Construction",Additional seawall stretches (400–600 m),,Coastal & Marine,TBC,TBC,TBC,"PRIF bilateral, ADB","PRIF bilateral, ADB",3.0,2027,2035,Phase 2 (Medium-term),Proposed,Unspecified,Coastal erosion & sea-level rise,,,
R076,RONAdapt II Pipeline (Future),"Development and Implementation of an Integrated Coastal Management Plan, including Strategic Seawall Construction",NBS buffer rehabilitation + nourishment,,Coastal & Marine,TBC,TBC,TBC,"SPC, GCF Adaptation, UNDP","SPC, GCF Adaptation, UNDP",0.8,2027,2035,Phase 2 (Medium-term),Proposed,Unspecified,Coastal erosion & sea-level rise,,,
R077,RONAdapt II Pipeline (Future),"Development and Implementation of an Integrated Coastal Management Plan, including Strategic Seawall Construction",Coastal hazard updates & monitoring expansion,,Coastal & Marine,TBC,TBC,TBC,"ADB, World Bank, CREWS","ADB, World Bank, CREWS",0.5,2027,2035,Phase 2 (Medium-term),Proposed,Unspecified,Coastal erosion & sea-level rise,,,
R078,RONAdapt II Pipeline (Future),"Development and Implementation of an Integrated Coastal Management Plan, including Strategic Seawall Construction",Capacity building & O&M systems,,Coastal & Marine,TBC,TBC,TBC,"UNDP, GIZ, SPC","UNDP, GIZ, SPC",0.4,2027,2035,Phase 2 (Medium-term),Proposed,Unspecified,Coastal erosion & sea-level rise,,,
R079,RONAdapt II Pipeline (Future),"Development and Implementation of an Integrated Coastal Management Plan, including Strategic Seawall Construction",Phase 2 contingency (10%),,Coastal & Marine,TBC,TBC,TBC,Mixed donors & GoN,Mixed donors & GoN,0.47,2027,2035,Phase 2 (Medium-term),Proposed,Unspecified,Coastal erosion & sea-level rise,,,
R080,RONAdapt II Pipeline (Future),"Development and Implementation of an Integrated Coastal Management Plan, including Strategic Seawall Construction",Multi-km seawall + nature-based protection works,,Coastal & Marine,TBC,TBC,TBC,"GCF/Adaptation Fund, ADB, World Bank","GCF/Adaptation Fund, ADB, World Bank",10.0,2035,2040,Phase 3 (Long-term),Proposed,Unspecified,Coastal erosion & sea-level rise,,,
R081,RONAdapt II Pipeline (Future),"Development and Implementation of an Integrated Coastal Management Plan, including Strategic Seawall Construction",Institutionalised O&M,,Coastal & Marine,TBC,TBC,TBC,"Government of Nauru, UNDP","Government of Nauru, UNDP",1.2,2035,2040,Phase 3 (Long-term),Proposed,Unspecified,Coastal erosion & sea-level rise,,,
R082,RONAdapt II Pipeline (Future),"Development and Implementation of an Integrated Coastal Management Plan, including Strategic Seawall Construction","Integrated ICM governance, policy mainstreaming",,Coastal & Marine,TBC,TBC,TBC,GCF/UNDP/UNEP,GCF/UNDP/UNEP,1.0,2035,2040,Phase 3 (Long-term),Proposed,Unspecified,Coastal erosion & sea-level rise,,,
R083,RONAdapt II Pipeline (Future),"Development and Implementation of an Integrated Coastal Management Plan, including Strategic Seawall Construction",Community-based adaptation,,Coastal & Marine,TBC,TBC,TBC,"SPC, SPREP, NGOs","SPC, SPREP, NGOs",0.6,2035,2040,Phase 3 (Long-term),Proposed,Unspecified,Coastal erosion & sea-level rise,,,
R084,RONAdapt II Pipeline (Future),"Development and Implementation of an Integrated Coastal Management Plan, including Strategic Seawall Construction","Advanced hazard modelling, forecasting & early warning linkages",,Coastal & Marine,TBC,TBC,TBC,"CREWS, WMO, UNDRR","CREWS, WMO, UNDRR",0.9,2035,2040,Phase 3 (Long-term),Proposed,Unspecified,Coastal erosion & sea-level rise,,,
R085,RONAdapt II Pipeline (Future),"Development and Implementation of an Integrated Coastal Management Plan, including Strategic Seawall Construction",Phase 3 contingency (10%),,Coastal & Marine,TBC,TBC,TBC,"Multilateral, bilateral & GoN","Multilateral, bilateral & GoN",1.37,2035,2040,Phase 3 (Long-term),Proposed,Unspecified,Coastal erosion & sea-level rise,,,
R086,RONAdapt II Pipeline (Future),Water Security Resilience through rainwater harvesting and Storage Systems for Public Institutions,New rainwater tank installation,,Water & Sanitation,TBC,TBC,TBC,"GCF, JICA, DFAT, MFAT","GCF, JICA, DFAT, MFAT",1.2,2025,2030,Phase 1 (Near-term),Proposed,Unspecified,Drought & water security,,,
R087,RONAdapt II Pipeline (Future),Water Security Resilience through rainwater harvesting and Storage Systems for Public Institutions,Rehabilitation of existing tanks & systems,,Water & Sanitation,TBC,TBC,TBC,"SPC, SPREP, UNICEF","SPC, SPREP, UNICEF",0.4,2025,2030,Phase 1 (Near-term),Proposed,Unspecified,Drought & water security,,,
R088,RONAdapt II Pipeline (Future),Water Security Resilience through rainwater harvesting and Storage Systems for Public Institutions,Filtration & treatment systems,,Water & Sanitation,TBC,TBC,TBC,"WHO, UNICEF","WHO, UNICEF",0.2,2025,2030,Phase 1 (Near-term),Proposed,Unspecified,Drought & water security,,,
R089,RONAdapt II Pipeline (Future),Water Security Resilience through rainwater harvesting and Storage Systems for Public Institutions,Capacity building & maintenance training,,Water & Sanitation,TBC,TBC,TBC,"SPREP, UNICEF","SPREP, UNICEF",0.1,2025,2030,Phase 1 (Near-term),Proposed,Unspecified,Drought & water security,,,
R090,RONAdapt II Pipeline (Future),Water Security Resilience through rainwater harvesting and Storage Systems for Public Institutions,Monitoring and Evaluation,,Water & Sanitation,TBC,TBC,TBC,"GCF, UNDP","GCF, UNDP",0.05,2025,2030,Phase 1 (Near-term),Proposed,Unspecified,Drought & water security,,,
R091,RONAdapt II Pipeline (Future),Water Security Resilience through rainwater harvesting and Storage Systems for Public Institutions,Phase 1 contingency,,Water & Sanitation,TBC,TBC,TBC,"Mixed donors, Government","Mixed donors, Government",0.05,2025,2030,Phase 1 (Near-term),Proposed,Unspecified,Drought & water security,,,
R092,RONAdapt II Pipeline (Future),Water Security Resilience through rainwater harvesting and Storage Systems for Public Institutions,Local tank production facility,,Water & Sanitation,TBC,TBC,TBC,"EU Green Deal, DFAT, MFAT","EU Green Deal, DFAT, MFAT",1.5,2027,2035,Phase 2 (Medium-term),Proposed,Unspecified,Drought & water security,,,
R093,RONAdapt II Pipeline (Future),Water Security Resilience through rainwater harvesting and Storage Systems for Public Institutions,Expansion of rainwater storage,,Water & Sanitation,TBC,TBC,TBC,"GCF, AF, JICA","GCF, AF, JICA",0.9,2027,2035,Phase 2 (Medium-term),Proposed,Unspecified,Drought & water security,,,
R094,RONAdapt II Pipeline (Future),Water Security Resilience through rainwater harvesting and Storage Systems for Public Institutions,Advanced filtration and water safety kits,,Water & Sanitation,TBC,TBC,TBC,"WHO, UNICEF","WHO, UNICEF",0.3,2027,2035,Phase 2 (Medium-term),Proposed,Unspecified,Drought & water security,,,
R095,RONAdapt II Pipeline (Future),Water Security Resilience through rainwater harvesting and Storage Systems for Public Institutions,PPP support for local supply chain,,Water & Sanitation,TBC,TBC,TBC,"SPC, SPREP, UNDP","SPC, SPREP, UNDP",0.2,2027,2035,Phase 2 (Medium-term),Proposed,Unspecified,Drought & water security,,,
R096,RONAdapt II Pipeline (Future),Water Security Resilience through rainwater harvesting and Storage Systems for Public Institutions,O&M training,,Water & Sanitation,TBC,TBC,TBC,"FAO, GIZ","FAO, GIZ",0.1,2027,2035,Phase 2 (Medium-term),Proposed,Unspecified,Drought & water security,,,
R097,RONAdapt II Pipeline (Future),Water Security Resilience through rainwater harvesting and Storage Systems for Public Institutions,Phase 2 contingency,,Water & Sanitation,TBC,TBC,TBC,"Multilateral, Bilateral, Government","Multilateral, Bilateral, Government",0.2,2027,2035,Phase 2 (Medium-term),Proposed,Unspecified,Drought & water security,,,
R098,RONAdapt II Pipeline (Future),Water Security Resilience through rainwater harvesting and Storage Systems for Public Institutions,Large-scale institutional storage upgrades,,Water & Sanitation,TBC,TBC,TBC,"GCF, World Bank, ADB","GCF, World Bank, ADB",2.5,2035,2040,Phase 3 (Long-term),Proposed,Unspecified,Drought & water security,,,
R099,RONAdapt II Pipeline (Future),Water Security Resilience through rainwater harvesting and Storage Systems for Public Institutions,Smart monitoring systems,,Water & Sanitation,TBC,TBC,TBC,"SPC, DFAT","SPC, DFAT",1.0,2035,2040,Phase 3 (Long-term),Proposed,Unspecified,Drought & water security,,,
R100,RONAdapt II Pipeline (Future),Water Security Resilience through rainwater harvesting and Storage Systems for Public Institutions,O&M institutionalisation,,Water & Sanitation,TBC,TBC,TBC,"UNDP, Government recurrent budget","UNDP, Government recurrent budget",0.6,2035,2040,Phase 3 (Long-term),Proposed,Unspecified,Drought & water security,,,
R101,RONAdapt II Pipeline (Future),Water Security Resilience through rainwater harvesting and Storage Systems for Public Institutions,Community-based resilience hubs,,Water & Sanitation,TBC,TBC,TBC,"GCF, Adaptation Fund, UNICEF","GCF, Adaptation Fund, UNICEF",1.2,2035,2040,Phase 3 (Long-term),Proposed,Unspecified,Drought & water security,,,
R102,RONAdapt II Pipeline (Future),Water Security Resilience through rainwater harvesting and Storage Systems for Public Institutions,Regional knowledge exchange,,Water & Sanitation,TBC,TBC,TBC,"SPREP, SPC, FAO","SPREP, SPC, FAO",0.2,2035,2040,Phase 3 (Long-term),Proposed,Unspecified,Drought & water security,,,
R103,RONAdapt II Pipeline (Future),Water Security Resilience through rainwater harvesting and Storage Systems for Public Institutions,Phase 3 contingency,,Water & Sanitation,TBC,TBC,TBC,Mixed,Mixed,0.4,2035,2040,Phase 3 (Long-term),Proposed,Unspecified,Drought & water security,,,
R104,RONAdapt II Pipeline (Future),Integrating Climate Change Education and Building Resilience through Training Programs,Curriculum development & integration,,Education,TBC,TBC,TBC,"UNICEF, UNESCO, DFAT","UNICEF, UNESCO, DFAT",0.4,2025,2030,Phase 1 (Near-term),Proposed,Unspecified,Enabling & capacity (cross-hazard),,,
R105,RONAdapt II Pipeline (Future),Integrating Climate Change Education and Building Resilience through Training Programs,Teacher training & professional development,,Education,TBC,TBC,TBC,"DFAT, MFAT, JICA","DFAT, MFAT, JICA",0.35,2025,2030,Phase 1 (Near-term),Proposed,Unspecified,Enabling & capacity (cross-hazard),,,
R106,RONAdapt II Pipeline (Future),Integrating Climate Change Education and Building Resilience through Training Programs,Vocational and community training programs,,Education,TBC,TBC,TBC,"SPC, SPREP, ICDF","SPC, SPREP, ICDF",0.4,2025,2030,Phase 1 (Near-term),Proposed,Unspecified,Enabling & capacity (cross-hazard),,,
R107,RONAdapt II Pipeline (Future),Integrating Climate Change Education and Building Resilience through Training Programs,Awareness materials & outreach campaigns,,Education,TBC,TBC,TBC,"UNDP, SPREP, EU","UNDP, SPREP, EU",0.2,2025,2030,Phase 1 (Near-term),Proposed,Unspecified,Enabling & capacity (cross-hazard),,,
R108,RONAdapt II Pipeline (Future),Integrating Climate Change Education and Building Resilience through Training Programs,Institutional coordination & support,,Education,TBC,TBC,TBC,"GCF, ADB","GCF, ADB",0.1,2025,2030,Phase 1 (Near-term),Proposed,Unspecified,Enabling & capacity (cross-hazard),,,
R109,RONAdapt II Pipeline (Future),Integrating Climate Change Education and Building Resilience through Training Programs,Monitoring & Evaluation,,Education,TBC,TBC,TBC,"GCF, UNDP","GCF, UNDP",0.05,2025,2030,Phase 1 (Near-term),Proposed,Unspecified,Enabling & capacity (cross-hazard),,,
R110,RONAdapt II Pipeline (Future),Integrating Climate Change Education and Building Resilience through Training Programs,Phase 1 contingency,,Education,TBC,TBC,TBC,Mixed,Mixed,0.05,2025,2030,Phase 1 (Near-term),Proposed,Unspecified,Enabling & capacity (cross-hazard),,,
R111,RONAdapt II Pipeline (Future),Integrating Climate Change Education and Building Resilience through Training Programs,Curriculum scaling & refresher modules,,Education,TBC,TBC,TBC,"UNICEF, UNESCO","UNICEF, UNESCO",0.3,2027,2035,Phase 2 (Medium-term),Proposed,Unspecified,Enabling & capacity (cross-hazard),,,
R112,RONAdapt II Pipeline (Future),Integrating Climate Change Education and Building Resilience through Training Programs,Advanced teacher training & refresher programs,,Education,TBC,TBC,TBC,"DFAT, MFAT, JICA","DFAT, MFAT, JICA",0.28,2027,2035,Phase 2 (Medium-term),Proposed,Unspecified,Enabling & capacity (cross-hazard),,,
R113,RONAdapt II Pipeline (Future),Integrating Climate Change Education and Building Resilience through Training Programs,Expanded vocational/community training,,Education,TBC,TBC,TBC,"SPC, SPREP","SPC, SPREP",0.35,2027,2035,Phase 2 (Medium-term),Proposed,Unspecified,Enabling & capacity (cross-hazard),,,
R114,RONAdapt II Pipeline (Future),Integrating Climate Change Education and Building Resilience through Training Programs,Awareness campaigns,,Education,TBC,TBC,TBC,"UNDP, EU","UNDP, EU",0.15,2027,2035,Phase 2 (Medium-term),Proposed,Unspecified,Enabling & capacity (cross-hazard),,,
R115,RONAdapt II Pipeline (Future),Integrating Climate Change Education and Building Resilience through Training Programs,Institutional strengthening & cross-sector workshops,,Education,TBC,TBC,TBC,"ADB, GCF","ADB, GCF",0.12,2027,2035,Phase 2 (Medium-term),Proposed,Unspecified,Enabling & capacity (cross-hazard),,,
R116,RONAdapt II Pipeline (Future),Integrating Climate Change Education and Building Resilience through Training Programs,Monitoring & Evaluation,,Education,TBC,TBC,TBC,"UNDP, SPC, GCF","UNDP, SPC, GCF",0.08,2027,2035,Phase 2 (Medium-term),Proposed,Unspecified,Enabling & capacity (cross-hazard),,,
R117,RONAdapt II Pipeline (Future),Integrating Climate Change Education and Building Resilience through Training Programs,Phase 2 contingency,,Education,TBC,TBC,TBC,Mixed,Mixed,0.05,2027,2035,Phase 2 (Medium-term),Proposed,Unspecified,Enabling & capacity (cross-hazard),,,
R118,RONAdapt II Pipeline (Future),Integrating Climate Change Education and Building Resilience through Training Programs,Curriculum institutionalisation & digital resources,,Education,TBC,TBC,TBC,"UNESCO, UNICEF","UNESCO, UNICEF",0.25,2035,2040,Phase 3 (Long-term),Proposed,Unspecified,Enabling & capacity (cross-hazard),,,
R119,RONAdapt II Pipeline (Future),Integrating Climate Change Education and Building Resilience through Training Programs,Teacher mentorship networks & institutional embedding,,Education,TBC,TBC,TBC,"DFAT, MFAT, JICA","DFAT, MFAT, JICA",0.2,2035,2040,Phase 3 (Long-term),Proposed,Unspecified,Enabling & capacity (cross-hazard),,,
R120,RONAdapt II Pipeline (Future),Integrating Climate Change Education and Building Resilience through Training Programs,Community resilience train-the-trainer program,,Education,TBC,TBC,TBC,"SPC, SPREP","SPC, SPREP",0.3,2035,2040,Phase 3 (Long-term),Proposed,Unspecified,Enabling & capacity (cross-hazard),,,
R121,RONAdapt II Pipeline (Future),Integrating Climate Change Education and Building Resilience through Training Programs,Outreach legacy products,,Education,TBC,TBC,TBC,"UNDP, EU","UNDP, EU",0.12,2035,2040,Phase 3 (Long-term),Proposed,Unspecified,Enabling & capacity (cross-hazard),,,
R122,RONAdapt II Pipeline (Future),Integrating Climate Change Education and Building Resilience through Training Programs,Institutional sustainability,,Education,TBC,TBC,TBC,"GCF, ADB","GCF, ADB",0.15,2035,2040,Phase 3 (Long-term),Proposed,Unspecified,Enabling & capacity (cross-hazard),,,
R123,RONAdapt II Pipeline (Future),Integrating Climate Change Education and Building Resilience through Training Programs,Monitoring & Evaluation,,Education,TBC,TBC,TBC,"UNDP, GCF, SPC","UNDP, GCF, SPC",0.1,2035,2040,Phase 3 (Long-term),Proposed,Unspecified,Enabling & capacity (cross-hazard),,,
R124,RONAdapt II Pipeline (Future),Integrating Climate Change Education and Building Resilience through Training Programs,Phase 3 contingency,,Education,TBC,TBC,TBC,Mixed,Mixed,0.05,2035,2040,Phase 3 (Long-term),Proposed,Unspecified,Enabling & capacity (cross-hazard),,,
R125,RONAdapt II Pipeline (Future),Strengthen Coastal Resilience through targeted Community Coastal Ecosystem Restoration and re-vegetation planting programme,Coastal vegetation propagation and planting,,Coastal & Marine,TBC,TBC,TBC,"GCF, GEF, NGOs","GCF, GEF, NGOs",0.5,2025,2030,Phase 1 (Near-term),Proposed,Unspecified,Coastal erosion & sea-level rise,,,
R126,RONAdapt II Pipeline (Future),Strengthen Coastal Resilience through targeted Community Coastal Ecosystem Restoration and re-vegetation planting programme,Community nurseries,,Coastal & Marine,TBC,TBC,TBC,"GEF SGP, SPC, SPREP","GEF SGP, SPC, SPREP",0.3,2025,2030,Phase 1 (Near-term),Proposed,Unspecified,Coastal erosion & sea-level rise,,,
R127,RONAdapt II Pipeline (Future),Strengthen Coastal Resilience through targeted Community Coastal Ecosystem Restoration and re-vegetation planting programme,Protective measures,,Coastal & Marine,TBC,TBC,TBC,"JICA, DFAT","JICA, DFAT",0.1,2025,2030,Phase 1 (Near-term),Proposed,Unspecified,Coastal erosion & sea-level rise,,,
R128,RONAdapt II Pipeline (Future),Strengthen Coastal Resilience through targeted Community Coastal Ecosystem Restoration and re-vegetation planting programme,Community training & awareness,,Coastal & Marine,TBC,TBC,TBC,"SPREP, SPC, NGOs","SPREP, SPC, NGOs",0.2,2025,2030,Phase 1 (Near-term),Proposed,Unspecified,Coastal erosion & sea-level rise,,,
R129,RONAdapt II Pipeline (Future),Strengthen Coastal Resilience through targeted Community Coastal Ecosystem Restoration and re-vegetation planting programme,Monitoring & evaluation of pilot sites,,Coastal & Marine,TBC,TBC,TBC,"GCF, SPREP","GCF, SPREP",0.05,2025,2030,Phase 1 (Near-term),Proposed,Unspecified,Coastal erosion & sea-level rise,,,
R130,RONAdapt II Pipeline (Future),Strengthen Coastal Resilience through targeted Community Coastal Ecosystem Restoration and re-vegetation planting programme,Phase 1 contingency,,Coastal & Marine,TBC,TBC,TBC,Mixed,Mixed,0.05,2025,2030,Phase 1 (Near-term),Proposed,Unspecified,Coastal erosion & sea-level rise,,,
R131,RONAdapt II Pipeline (Future),Strengthen Coastal Resilience through targeted Community Coastal Ecosystem Restoration and re-vegetation planting programme,Expansion of coastal vegetation planting,,Coastal & Marine,TBC,TBC,TBC,"GCF, Adaptation Fund","GCF, Adaptation Fund",0.8,2027,2035,Phase 2 (Medium-term),Proposed,Unspecified,Coastal erosion & sea-level rise,,,
R132,RONAdapt II Pipeline (Future),Strengthen Coastal Resilience through targeted Community Coastal Ecosystem Restoration and re-vegetation planting programme,Community irrigation stations,,Coastal & Marine,TBC,TBC,TBC,"DFAT, MFAT, JICA, UNDP","DFAT, MFAT, JICA, UNDP",1.0,2027,2035,Phase 2 (Medium-term),Proposed,Unspecified,Coastal erosion & sea-level rise,,,
R133,RONAdapt II Pipeline (Future),Strengthen Coastal Resilience through targeted Community Coastal Ecosystem Restoration and re-vegetation planting programme,Soil conditioning & mulching systems,,Coastal & Marine,TBC,TBC,TBC,"Adaptation Fund, UNEP","Adaptation Fund, UNEP",0.3,2027,2035,Phase 2 (Medium-term),Proposed,Unspecified,Coastal erosion & sea-level rise,,,
R134,RONAdapt II Pipeline (Future),Strengthen Coastal Resilience through targeted Community Coastal Ecosystem Restoration and re-vegetation planting programme,National Coastal Plant Hub,,Coastal & Marine,TBC,TBC,TBC,"GEF, SPC, SPREP","GEF, SPC, SPREP",0.4,2027,2035,Phase 2 (Medium-term),Proposed,Unspecified,Coastal erosion & sea-level rise,,,
R135,RONAdapt II Pipeline (Future),Strengthen Coastal Resilience through targeted Community Coastal Ecosystem Restoration and re-vegetation planting programme,Landowner agreements and legal frameworks,,Coastal & Marine,TBC,TBC,TBC,"Government of Nauru, GCF","Government of Nauru, GCF",0.15,2027,2035,Phase 2 (Medium-term),Proposed,Unspecified,Coastal erosion & sea-level rise,,,
R136,RONAdapt II Pipeline (Future),Strengthen Coastal Resilience through targeted Community Coastal Ecosystem Restoration and re-vegetation planting programme,Advanced training,,Coastal & Marine,TBC,TBC,TBC,"UNDP, SPC","UNDP, SPC",0.1,2027,2035,Phase 2 (Medium-term),Proposed,Unspecified,Coastal erosion & sea-level rise,,,
R137,RONAdapt II Pipeline (Future),Strengthen Coastal Resilience through targeted Community Coastal Ecosystem Restoration and re-vegetation planting programme,Monitoring & evaluation expanded sites,,Coastal & Marine,TBC,TBC,TBC,"GCF, SPREP","GCF, SPREP",0.05,2027,2035,Phase 2 (Medium-term),Proposed,Unspecified,Coastal erosion & sea-level rise,,,
R138,RONAdapt II Pipeline (Future),Strengthen Coastal Resilience through targeted Community Coastal Ecosystem Restoration and re-vegetation planting programme,Phase 2 contingency,,Coastal & Marine,TBC,TBC,TBC,Mixed,Mixed,0.05,2027,2035,Phase 2 (Medium-term),Proposed,Unspecified,Coastal erosion & sea-level rise,,,
R139,RONAdapt II Pipeline (Future),Strengthen Coastal Resilience through targeted Community Coastal Ecosystem Restoration and re-vegetation planting programme,Nationwide coastal planting,,Coastal & Marine,TBC,TBC,TBC,"GCF, Adaptation Fund","GCF, Adaptation Fund",1.0,2035,2040,Phase 3 (Long-term),Proposed,Unspecified,Coastal erosion & sea-level rise,,,
R140,RONAdapt II Pipeline (Future),Strengthen Coastal Resilience through targeted Community Coastal Ecosystem Restoration and re-vegetation planting programme,National Coastal Resilience Unit,,Coastal & Marine,TBC,TBC,TBC,"GCF, ADB, UNDP","GCF, ADB, UNDP",0.8,2035,2040,Phase 3 (Long-term),Proposed,Unspecified,Coastal erosion & sea-level rise,,,
R141,RONAdapt II Pipeline (Future),Strengthen Coastal Resilience through targeted Community Coastal Ecosystem Restoration and re-vegetation planting programme,Long-term community stewardship agreements,,Coastal & Marine,TBC,TBC,TBC,"Government of Nauru, GCF","Government of Nauru, GCF",0.4,2035,2040,Phase 3 (Long-term),Proposed,Unspecified,Coastal erosion & sea-level rise,,,
R142,RONAdapt II Pipeline (Future),Strengthen Coastal Resilience through targeted Community Coastal Ecosystem Restoration and re-vegetation planting programme,Coastal knowledge in curricula & vocational training,,Coastal & Marine,TBC,TBC,TBC,"MFAT, DFAT, SPC","MFAT, DFAT, SPC",0.3,2035,2040,Phase 3 (Long-term),Proposed,Unspecified,Coastal erosion & sea-level rise,,,
R143,RONAdapt II Pipeline (Future),Strengthen Coastal Resilience through targeted Community Coastal Ecosystem Restoration and re-vegetation planting programme,National monitoring database,,Coastal & Marine,TBC,TBC,TBC,"SPREP, UNEP","SPREP, UNEP",0.4,2035,2040,Phase 3 (Long-term),Proposed,Unspecified,Coastal erosion & sea-level rise,,,
R144,RONAdapt II Pipeline (Future),Strengthen Coastal Resilience through targeted Community Coastal Ecosystem Restoration and re-vegetation planting programme,Research & sustainable finance pathways,,Coastal & Marine,TBC,TBC,TBC,"UNDP, UNEP","UNDP, UNEP",0.2,2035,2040,Phase 3 (Long-term),Proposed,Unspecified,Coastal erosion & sea-level rise,,,
R145,RONAdapt II Pipeline (Future),Strengthen Coastal Resilience through targeted Community Coastal Ecosystem Restoration and re-vegetation planting programme,Monitoring & evaluation national programme,,Coastal & Marine,TBC,TBC,TBC,"GCF, SPREP","GCF, SPREP",0.05,2035,2040,Phase 3 (Long-term),Proposed,Unspecified,Coastal erosion & sea-level rise,,,
R146,RONAdapt II Pipeline (Future),Strengthen Coastal Resilience through targeted Community Coastal Ecosystem Restoration and re-vegetation planting programme,Phase 3 contingency,,Coastal & Marine,TBC,TBC,TBC,Mixed,Mixed,0.05,2035,2040,Phase 3 (Long-term),Proposed,Unspecified,Coastal erosion & sea-level rise,,,
R147,RONAdapt II Pipeline (Future),Community Based Fisheries Management (CEAFM),Community training programmes & workshops,,Fisheries & Aquaculture,TBC,TBC,TBC,"SPC, FAO, DFAT, MFAT","SPC, FAO, DFAT, MFAT",0.35,2025,2030,Phase 1 (Near-term),Proposed,Unspecified,Food insecurity,,,
R148,RONAdapt II Pipeline (Future),Community Based Fisheries Management (CEAFM),Pilot community fisheries management plans,,Fisheries & Aquaculture,TBC,TBC,TBC,"GCF, SPREP, WorldFish","GCF, SPREP, WorldFish",0.25,2025,2030,Phase 1 (Near-term),Proposed,Unspecified,Food insecurity,,,
R149,RONAdapt II Pipeline (Future),Community Based Fisheries Management (CEAFM),Community engagement & awareness,,Fisheries & Aquaculture,TBC,TBC,TBC,"DFAT, UNICEF","DFAT, UNICEF",0.15,2025,2030,Phase 1 (Near-term),Proposed,Unspecified,Food insecurity,,,
R150,RONAdapt II Pipeline (Future),Community Based Fisheries Management (CEAFM),Equipment & logistics,,Fisheries & Aquaculture,TBC,TBC,TBC,"JICA, ICDF","JICA, ICDF",0.15,2025,2030,Phase 1 (Near-term),Proposed,Unspecified,Food insecurity,,,
R151,RONAdapt II Pipeline (Future),Community Based Fisheries Management (CEAFM),Monitoring & evaluation,,Fisheries & Aquaculture,TBC,TBC,TBC,"SPC, FAO","SPC, FAO",0.2,2025,2030,Phase 1 (Near-term),Proposed,Unspecified,Food insecurity,,,
R152,RONAdapt II Pipeline (Future),Community Based Fisheries Management (CEAFM),Phase 1 contingency,,Fisheries & Aquaculture,TBC,TBC,TBC,Mixed,Mixed,0.05,2025,2030,Phase 1 (Near-term),Proposed,Unspecified,Food insecurity,,,
R153,RONAdapt II Pipeline (Future),Community Based Fisheries Management (CEAFM),Expansion of CEAFM to new districts,,Fisheries & Aquaculture,TBC,TBC,TBC,"GCF, AF, SPC","GCF, AF, SPC",0.5,2027,2035,Phase 2 (Medium-term),Proposed,Unspecified,Food insecurity,,,
R154,RONAdapt II Pipeline (Future),Community Based Fisheries Management (CEAFM),"Advanced training on fisheries monitoring, compliance & enforcement",,Fisheries & Aquaculture,TBC,TBC,TBC,"SPC, FAO, JICA","SPC, FAO, JICA",0.3,2027,2035,Phase 2 (Medium-term),Proposed,Unspecified,Food insecurity,,,
R155,RONAdapt II Pipeline (Future),Community Based Fisheries Management (CEAFM),Community-based monitoring systems,,Fisheries & Aquaculture,TBC,TBC,TBC,"FAO, WorldFish, DFAT","FAO, WorldFish, DFAT",0.4,2027,2035,Phase 2 (Medium-term),Proposed,Unspecified,Food insecurity,,,
R156,RONAdapt II Pipeline (Future),Community Based Fisheries Management (CEAFM),Livelihood diversification pilots,,Fisheries & Aquaculture,TBC,TBC,TBC,"GEF, FAO, UNDP","GEF, FAO, UNDP",0.4,2027,2035,Phase 2 (Medium-term),Proposed,Unspecified,Food insecurity,,,
R157,RONAdapt II Pipeline (Future),Community Based Fisheries Management (CEAFM),Strengthening legal frameworks & co-management agreements,,Fisheries & Aquaculture,TBC,TBC,TBC,"Government of Nauru, GCF","Government of Nauru, GCF",0.25,2027,2035,Phase 2 (Medium-term),Proposed,Unspecified,Food insecurity,,,
R158,RONAdapt II Pipeline (Future),Community Based Fisheries Management (CEAFM),Equipment upgrades,,Fisheries & Aquaculture,TBC,TBC,TBC,"JICA, MFAT","JICA, MFAT",0.2,2027,2035,Phase 2 (Medium-term),Proposed,Unspecified,Food insecurity,,,
R159,RONAdapt II Pipeline (Future),Community Based Fisheries Management (CEAFM),Monitoring & evaluation,,Fisheries & Aquaculture,TBC,TBC,TBC,"SPC, FAO","SPC, FAO",0.1,2027,2035,Phase 2 (Medium-term),Proposed,Unspecified,Food insecurity,,,
R160,RONAdapt II Pipeline (Future),Community Based Fisheries Management (CEAFM),Phase 2 contingency,,Fisheries & Aquaculture,TBC,TBC,TBC,Mixed,Mixed,0.1,2027,2035,Phase 2 (Medium-term),Proposed,Unspecified,Food insecurity,,,
R161,RONAdapt II Pipeline (Future),Community Based Fisheries Management (CEAFM),National CEAFM institutionalisation,,Fisheries & Aquaculture,TBC,TBC,TBC,"GCF, ADB, UNDP","GCF, ADB, UNDP",0.6,2035,2040,Phase 3 (Long-term),Proposed,Unspecified,Food insecurity,,,
R162,RONAdapt II Pipeline (Future),Community Based Fisheries Management (CEAFM),Traditional knowledge into national fisheries law,,Fisheries & Aquaculture,TBC,TBC,TBC,"FAO, SPC","FAO, SPC",0.3,2035,2040,Phase 3 (Long-term),Proposed,Unspecified,Food insecurity,,,
R163,RONAdapt II Pipeline (Future),Community Based Fisheries Management (CEAFM),National fisheries database & monitoring systems,,Fisheries & Aquaculture,TBC,TBC,TBC,"SPC, WorldFish","SPC, WorldFish",0.4,2035,2040,Phase 3 (Long-term),Proposed,Unspecified,Food insecurity,,,
R164,RONAdapt II Pipeline (Future),Community Based Fisheries Management (CEAFM),Long-term financing mechanisms,,Fisheries & Aquaculture,TBC,TBC,TBC,"GCF, AF, ADB","GCF, AF, ADB",0.4,2035,2040,Phase 3 (Long-term),Proposed,Unspecified,Food insecurity,,,
R165,RONAdapt II Pipeline (Future),Community Based Fisheries Management (CEAFM),Regional knowledge sharing,,Fisheries & Aquaculture,TBC,TBC,TBC,"SPC, SPREP, DFAT","SPC, SPREP, DFAT",0.25,2035,2040,Phase 3 (Long-term),Proposed,Unspecified,Food insecurity,,,
R166,RONAdapt II Pipeline (Future),Community Based Fisheries Management (CEAFM),Ongoing community stewardship agreements & awareness,,Fisheries & Aquaculture,TBC,TBC,TBC,"Government of Nauru, NGOs","Government of Nauru, NGOs",0.2,2035,2040,Phase 3 (Long-term),Proposed,Unspecified,Food insecurity,,,
R167,RONAdapt II Pipeline (Future),Community Based Fisheries Management (CEAFM),Monitoring & evaluation,,Fisheries & Aquaculture,TBC,TBC,TBC,"SPC, UNDP","SPC, UNDP",0.1,2035,2040,Phase 3 (Long-term),Proposed,Unspecified,Food insecurity,,,
R168,RONAdapt II Pipeline (Future),Community Based Fisheries Management (CEAFM),Phase 3 contingency,,Fisheries & Aquaculture,TBC,TBC,TBC,Mixed,Mixed,0.1,2035,2040,Phase 3 (Long-term),Proposed,Unspecified,Food insecurity,,,
R169,RONAdapt II Pipeline (Future),Energy Efficiency in the Water Sector,Energy-efficient pump and motor upgrades,,Energy,TBC,TBC,TBC,"ADB, JICA, DFAT","ADB, JICA, DFAT",0.6,2025,2030,Phase 1 (Near-term),Proposed,Unspecified,Energy & fuel security,,,
R170,RONAdapt II Pipeline (Future),Energy Efficiency in the Water Sector,Leakage detection & pressure management pilot,,Energy,TBC,TBC,TBC,"SPC, SPREP","SPC, SPREP",0.15,2025,2030,Phase 1 (Near-term),Proposed,Unspecified,Energy & fuel security,,,
R171,RONAdapt II Pipeline (Future),Energy Efficiency in the Water Sector,Capacity building & technician training,,Energy,TBC,TBC,TBC,"UNDP, JICA","UNDP, JICA",0.1,2025,2030,Phase 1 (Near-term),Proposed,Unspecified,Energy & fuel security,,,
R172,RONAdapt II Pipeline (Future),Energy Efficiency in the Water Sector,Awareness & behaviour-change campaigns,,Energy,TBC,TBC,TBC,"UNICEF, NGOs","UNICEF, NGOs",0.05,2025,2030,Phase 1 (Near-term),Proposed,Unspecified,Energy & fuel security,,,
R173,RONAdapt II Pipeline (Future),Energy Efficiency in the Water Sector,Monitoring & evaluation,,Energy,TBC,TBC,TBC,"GCF, UNDP","GCF, UNDP",0.05,2025,2030,Phase 1 (Near-term),Proposed,Unspecified,Energy & fuel security,,,
R174,RONAdapt II Pipeline (Future),Energy Efficiency in the Water Sector,Phase 1 contingency,,Energy,TBC,TBC,TBC,Mixed,Mixed,0.05,2025,2030,Phase 1 (Near-term),Proposed,Unspecified,Energy & fuel security,,,
R175,RONAdapt II Pipeline (Future),Energy Efficiency in the Water Sector,Solar PV integration for desalination and pumping systems,,Energy,TBC,TBC,TBC,"GCF, EU, MFAT","GCF, EU, MFAT",1.0,2027,2035,Phase 2 (Medium-term),Proposed,Unspecified,Energy & fuel security,,,
R176,RONAdapt II Pipeline (Future),Energy Efficiency in the Water Sector,Network-wide leakage detection & monitoring,,Energy,TBC,TBC,TBC,"SPREP, SPC","SPREP, SPC",0.25,2027,2035,Phase 2 (Medium-term),Proposed,Unspecified,Energy & fuel security,,,
R177,RONAdapt II Pipeline (Future),Energy Efficiency in the Water Sector,Energy efficiency guidelines & standards,,Energy,TBC,TBC,TBC,"SPREP, Government","SPREP, Government",0.05,2027,2035,Phase 2 (Medium-term),Proposed,Unspecified,Energy & fuel security,,,
R178,RONAdapt II Pipeline (Future),Energy Efficiency in the Water Sector,Advanced training & certification,,Energy,TBC,TBC,TBC,"JICA, SPC","JICA, SPC",0.1,2027,2035,Phase 2 (Medium-term),Proposed,Unspecified,Energy & fuel security,,,
R179,RONAdapt II Pipeline (Future),Energy Efficiency in the Water Sector,Monitoring & evaluation,,Energy,TBC,TBC,TBC,"GCF, UNDP","GCF, UNDP",0.05,2027,2035,Phase 2 (Medium-term),Proposed,Unspecified,Energy & fuel security,,,
R180,RONAdapt II Pipeline (Future),Energy Efficiency in the Water Sector,Phase 2 contingency,,Energy,TBC,TBC,TBC,Mixed,Mixed,0.1,2027,2035,Phase 2 (Medium-term),Proposed,Unspecified,Energy & fuel security,,,
R181,RONAdapt II Pipeline (Future),Energy Efficiency in the Water Sector,Water–Energy Efficiency Unit,,Energy,TBC,TBC,TBC,"GCF, ADB, UNDP","GCF, ADB, UNDP",0.2,2035,2040,Phase 3 (Long-term),Proposed,Unspecified,Energy & fuel security,,,
R182,RONAdapt II Pipeline (Future),Energy Efficiency in the Water Sector,Expansion of renewable power to majority supply,,Energy,TBC,TBC,TBC,"ADB, GCF, EU","ADB, GCF, EU",0.3,2035,2040,Phase 3 (Long-term),Proposed,Unspecified,Energy & fuel security,,,
R183,RONAdapt II Pipeline (Future),Energy Efficiency in the Water Sector,Efficiency standards in legislation,,Energy,TBC,TBC,TBC,"SPREP, Government","SPREP, Government",0.05,2035,2040,Phase 3 (Long-term),Proposed,Unspecified,Energy & fuel security,,,
R184,RONAdapt II Pipeline (Future),Energy Efficiency in the Water Sector,Climate finance linkages & sustainability mechanisms,,Energy,TBC,TBC,TBC,"UNDP, ADB","UNDP, ADB",0.1,2035,2040,Phase 3 (Long-term),Proposed,Unspecified,Energy & fuel security,,,
R185,RONAdapt II Pipeline (Future),Energy Efficiency in the Water Sector,National knowledge-sharing & regional exchanges,,Energy,TBC,TBC,TBC,"SPC, SPREP","SPC, SPREP",0.1,2035,2040,Phase 3 (Long-term),Proposed,Unspecified,Energy & fuel security,,,
R186,RONAdapt II Pipeline (Future),Energy Efficiency in the Water Sector,Monitoring & evaluation,,Energy,TBC,TBC,TBC,"GCF, UNDP","GCF, UNDP",0.05,2035,2040,Phase 3 (Long-term),Proposed,Unspecified,Energy & fuel security,,,
R187,RONAdapt II Pipeline (Future),Energy Efficiency in the Water Sector,Phase 3 contingency,,Energy,TBC,TBC,TBC,Mixed,Mixed,0.05,2035,2040,Phase 3 (Long-term),Proposed,Unspecified,Energy & fuel security,,,
R188,RONAdapt II Pipeline (Future),Strengthening Climate-Health Resilience through Epidemiological Research and Health Information Systems,Baseline epidemiological studies,,Health,TBC,TBC,TBC,"WHO, GCF, SPC","WHO, GCF, SPC",0.3,2025,2030,Phase 1 (Near-term),Proposed,Unspecified,Climate-health risks,,,
R189,RONAdapt II Pipeline (Future),Strengthening Climate-Health Resilience through Epidemiological Research and Health Information Systems,Health data collection & monitoring tools,,Health,TBC,TBC,TBC,"SPC, WHO, DFAT","SPC, WHO, DFAT",0.2,2025,2030,Phase 1 (Near-term),Proposed,Unspecified,Climate-health risks,,,
R190,RONAdapt II Pipeline (Future),Strengthening Climate-Health Resilience through Epidemiological Research and Health Information Systems,Training of health workers & technicians,,Health,TBC,TBC,TBC,"DFAT, MFAT, JICA","DFAT, MFAT, JICA",0.15,2025,2030,Phase 1 (Near-term),Proposed,Unspecified,Climate-health risks,,,
R191,RONAdapt II Pipeline (Future),Strengthening Climate-Health Resilience through Epidemiological Research and Health Information Systems,Vulnerability & risk assessment reports,,Health,TBC,TBC,TBC,"UNDP, AF","UNDP, AF",0.1,2025,2030,Phase 1 (Near-term),Proposed,Unspecified,Climate-health risks,,,
R192,RONAdapt II Pipeline (Future),Strengthening Climate-Health Resilience through Epidemiological Research and Health Information Systems,Monitoring & evaluation,,Health,TBC,TBC,TBC,"GCF, WHO","GCF, WHO",0.05,2025,2030,Phase 1 (Near-term),Proposed,Unspecified,Climate-health risks,,,
R193,RONAdapt II Pipeline (Future),Strengthening Climate-Health Resilience through Epidemiological Research and Health Information Systems,Phase 1 contingency,,Health,TBC,TBC,TBC,Mixed,Mixed,0.04,2025,2030,Phase 1 (Near-term),Proposed,Unspecified,Climate-health risks,,,
R194,RONAdapt II Pipeline (Future),Strengthening Climate-Health Resilience through Epidemiological Research and Health Information Systems,Expansion of surveillance systems,,Health,TBC,TBC,TBC,"GCF, AF, WHO","GCF, AF, WHO",0.4,2027,2035,Phase 2 (Medium-term),Proposed,Unspecified,Climate-health risks,,,
R195,RONAdapt II Pipeline (Future),Strengthening Climate-Health Resilience through Epidemiological Research and Health Information Systems,Integration of climate data into health monitoring,,Health,TBC,TBC,TBC,"SPC, UNDP","SPC, UNDP",0.3,2027,2035,Phase 2 (Medium-term),Proposed,Unspecified,Climate-health risks,,,
R196,RONAdapt II Pipeline (Future),Strengthening Climate-Health Resilience through Epidemiological Research and Health Information Systems,Research on disease vectors & transmission pathways,,Health,TBC,TBC,TBC,"WHO, CSIRO, Universities","WHO, CSIRO, Universities",0.3,2027,2035,Phase 2 (Medium-term),Proposed,Unspecified,Climate-health risks,,,
R197,RONAdapt II Pipeline (Future),Strengthening Climate-Health Resilience through Epidemiological Research and Health Information Systems,Early-warning systems for outbreaks,,Health,TBC,TBC,TBC,"GCF, SPC","GCF, SPC",0.2,2027,2035,Phase 2 (Medium-term),Proposed,Unspecified,Climate-health risks,,,
R198,RONAdapt II Pipeline (Future),Strengthening Climate-Health Resilience through Epidemiological Research and Health Information Systems,Prevention & awareness campaigns,,Health,TBC,TBC,TBC,"UNICEF, MFAT","UNICEF, MFAT",0.15,2027,2035,Phase 2 (Medium-term),Proposed,Unspecified,Climate-health risks,,,
R199,RONAdapt II Pipeline (Future),Strengthening Climate-Health Resilience through Epidemiological Research and Health Information Systems,Monitoring & evaluation,,Health,TBC,TBC,TBC,"WHO, SPC","WHO, SPC",0.1,2027,2035,Phase 2 (Medium-term),Proposed,Unspecified,Climate-health risks,,,
R200,RONAdapt II Pipeline (Future),Strengthening Climate-Health Resilience through Epidemiological Research and Health Information Systems,Phase 2 contingency,,Health,TBC,TBC,TBC,Mixed,Mixed,0.075,2027,2035,Phase 2 (Medium-term),Proposed,Unspecified,Climate-health risks,,,
R201,RONAdapt II Pipeline (Future),Strengthening Climate-Health Resilience through Epidemiological Research and Health Information Systems,Climate–Health Surveillance Unit,,Health,TBC,TBC,TBC,"GCF, WHO, UNDP","GCF, WHO, UNDP",0.8,2035,2040,Phase 3 (Long-term),Proposed,Unspecified,Climate-health risks,,,
R202,RONAdapt II Pipeline (Future),Strengthening Climate-Health Resilience through Epidemiological Research and Health Information Systems,Integration into national health policy & legislation,,Health,TBC,TBC,TBC,"Government of Nauru, UNDP","Government of Nauru, UNDP",0.25,2035,2040,Phase 3 (Long-term),Proposed,Unspecified,Climate-health risks,,,
R203,RONAdapt II Pipeline (Future),Strengthening Climate-Health Resilience through Epidemiological Research and Health Information Systems,National health–climate database,,Health,TBC,TBC,TBC,"SPC, WHO","SPC, WHO",0.4,2035,2040,Phase 3 (Long-term),Proposed,Unspecified,Climate-health risks,,,
R204,RONAdapt II Pipeline (Future),Strengthening Climate-Health Resilience through Epidemiological Research and Health Information Systems,Regional collaboration & knowledge sharing,,Health,TBC,TBC,TBC,"SPC, WHO, DFAT","SPC, WHO, DFAT",0.2,2035,2040,Phase 3 (Long-term),Proposed,Unspecified,Climate-health risks,,,
R205,RONAdapt II Pipeline (Future),Strengthening Climate-Health Resilience through Epidemiological Research and Health Information Systems,Long-term financing mechanisms,,Health,TBC,TBC,TBC,"GCF, AF, ADB","GCF, AF, ADB",0.2,2035,2040,Phase 3 (Long-term),Proposed,Unspecified,Climate-health risks,,,
R206,RONAdapt II Pipeline (Future),Strengthening Climate-Health Resilience through Epidemiological Research and Health Information Systems,Monitoring & evaluation,,Health,TBC,TBC,TBC,"WHO, UNDP","WHO, UNDP",0.1,2035,2040,Phase 3 (Long-term),Proposed,Unspecified,Climate-health risks,,,
R207,RONAdapt II Pipeline (Future),Strengthening Climate-Health Resilience through Epidemiological Research and Health Information Systems,Phase 3 contingency,,Health,TBC,TBC,TBC,Mixed,Mixed,0.1,2035,2040,Phase 3 (Long-term),Proposed,Unspecified,Climate-health risks,,,
R208,RONAdapt II Pipeline (Future),Energy Legislation and Reform Program,Legislative drafting & legal experts,,Energy,TBC,TBC,TBC,"UNDP, ADB","UNDP, ADB",0.3,2025,2030,Phase 1 (Near-term),Proposed,Unspecified,Energy & fuel security,,,
R209,RONAdapt II Pipeline (Future),Energy Legislation and Reform Program,Institutional mapping & impact assessments,,Energy,TBC,TBC,TBC,"WB, GEF","WB, GEF",0.15,2025,2030,Phase 1 (Near-term),Proposed,Unspecified,Energy & fuel security,,,
R210,RONAdapt II Pipeline (Future),Energy Legislation and Reform Program,Secondary regulations,,Energy,TBC,TBC,TBC,"ADB, SPC","ADB, SPC",0.25,2025,2030,Phase 1 (Near-term),Proposed,Unspecified,Energy & fuel security,,,
R211,RONAdapt II Pipeline (Future),Energy Legislation and Reform Program,Stakeholder consultations & parliamentary engagement,,Energy,TBC,TBC,TBC,"DFAT, MFAT, EU","DFAT, MFAT, EU",0.2,2025,2030,Phase 1 (Near-term),Proposed,Unspecified,Energy & fuel security,,,
R212,RONAdapt II Pipeline (Future),Energy Legislation and Reform Program,MEPS & labelling frameworks,,Energy,TBC,TBC,TBC,"EU, GCF","EU, GCF",0.2,2025,2030,Phase 1 (Near-term),Proposed,Unspecified,Energy & fuel security,,,
R213,RONAdapt II Pipeline (Future),Energy Legislation and Reform Program,M&E setup,,Energy,TBC,TBC,TBC,UNDP,UNDP,0.1,2025,2030,Phase 1 (Near-term),Proposed,Unspecified,Energy & fuel security,,,
R214,RONAdapt II Pipeline (Future),Energy Legislation and Reform Program,Phase 1 contingency,,Energy,TBC,TBC,TBC,Mixed,Mixed,0.06,2025,2030,Phase 1 (Near-term),Proposed,Unspecified,Energy & fuel security,,,
R215,RONAdapt II Pipeline (Future),Energy Legislation and Reform Program,Establish/strengthen regulator function,,Energy,TBC,TBC,TBC,"ADB, WB","ADB, WB",0.5,2027,2035,Phase 2 (Medium-term),Proposed,Unspecified,Energy & fuel security,,,
R216,RONAdapt II Pipeline (Future),Energy Legislation and Reform Program,Tariff methodology adoption & lifeline provisions,,Energy,TBC,TBC,TBC,"ADB, PSDI","ADB, PSDI",0.25,2027,2035,Phase 2 (Medium-term),Proposed,Unspecified,Energy & fuel security,,,
R217,RONAdapt II Pipeline (Future),Energy Legislation and Reform Program,Compliance & enforcement mechanisms,,Energy,TBC,TBC,TBC,"EU, SPC","EU, SPC",0.2,2027,2035,Phase 2 (Medium-term),Proposed,Unspecified,Energy & fuel security,,,
R218,RONAdapt II Pipeline (Future),Energy Legislation and Reform Program,"Model PPAs, procurement templates, digital licensing registry",,Energy,TBC,TBC,TBC,"IFC, ADB","IFC, ADB",0.3,2027,2035,Phase 2 (Medium-term),Proposed,Unspecified,Energy & fuel security,,,
R219,RONAdapt II Pipeline (Future),Energy Legislation and Reform Program,Capacity building & training,,Energy,TBC,TBC,TBC,"JICA, DFAT","JICA, DFAT",0.25,2027,2035,Phase 2 (Medium-term),Proposed,Unspecified,Energy & fuel security,,,
R220,RONAdapt II Pipeline (Future),Energy Legislation and Reform Program,Consumer protection standards & audits,,Energy,TBC,TBC,TBC,"MFAT, SPREP","MFAT, SPREP",0.15,2027,2035,Phase 2 (Medium-term),Proposed,Unspecified,Energy & fuel security,,,
R221,RONAdapt II Pipeline (Future),Energy Legislation and Reform Program,Monitoring & evaluation,,Energy,TBC,TBC,TBC,UNDP,UNDP,0.1,2027,2035,Phase 2 (Medium-term),Proposed,Unspecified,Energy & fuel security,,,
R222,RONAdapt II Pipeline (Future),Energy Legislation and Reform Program,Phase 2 contingency,,Energy,TBC,TBC,TBC,Mixed,Mixed,0.09,2027,2035,Phase 2 (Medium-term),Proposed,Unspecified,Energy & fuel security,,,
R223,RONAdapt II Pipeline (Future),Energy Legislation and Reform Program,Legislative refresh & new tech integration,,Energy,TBC,TBC,TBC,"ADB, UNDP","ADB, UNDP",0.3,2035,2040,Phase 3 (Long-term),Proposed,Unspecified,Energy & fuel security,,,
R224,RONAdapt II Pipeline (Future),Energy Legislation and Reform Program,Performance-based regulation pilots,,Energy,TBC,TBC,TBC,"ADB, WB","ADB, WB",0.35,2035,2040,Phase 3 (Long-term),Proposed,Unspecified,Energy & fuel security,,,
R225,RONAdapt II Pipeline (Future),Energy Legislation and Reform Program,Long-term financing mechanisms,,Energy,TBC,TBC,TBC,"WB, ADB, EU","WB, ADB, EU",0.3,2035,2040,Phase 3 (Long-term),Proposed,Unspecified,Energy & fuel security,,,
R226,RONAdapt II Pipeline (Future),Energy Legislation and Reform Program,Regional harmonisation with OPERA & peer reviews,,Energy,TBC,TBC,TBC,"SPC, DFAT","SPC, DFAT",0.2,2035,2040,Phase 3 (Long-term),Proposed,Unspecified,Energy & fuel security,,,
R227,RONAdapt II Pipeline (Future),Energy Legislation and Reform Program,National reporting & public dashboards,,Energy,TBC,TBC,TBC,"UNDP, EU","UNDP, EU",0.15,2035,2040,Phase 3 (Long-term),Proposed,Unspecified,Energy & fuel security,,,
R228,RONAdapt II Pipeline (Future),Energy Legislation and Reform Program,Monitoring & evaluation,,Energy,TBC,TBC,TBC,UNDP,UNDP,0.1,2035,2040,Phase 3 (Long-term),Proposed,Unspecified,Energy & fuel security,,,
R229,RONAdapt II Pipeline (Future),Energy Legislation and Reform Program,Phase 3 contingency,,Energy,TBC,TBC,TBC,Mixed,Mixed,0.075,2035,2040,Phase 3 (Long-term),Proposed,Unspecified,Energy & fuel security,,,
R230,RONAdapt II Pipeline (Future),Climate-Smart and Greening of Government Buildings and Offices,Climate-smart design & EIA,,Governance & Finance,TBC,TBC,TBC,"UNDP, GCF, DFAT","UNDP, GCF, DFAT",0.2,2025,2030,Phase 1 (Near-term),Proposed,Unspecified,Enabling & capacity (cross-hazard),,,
R231,RONAdapt II Pipeline (Future),Climate-Smart and Greening of Government Buildings and Offices,Core building construction,,Governance & Finance,TBC,TBC,TBC,"DFAT, MFAT, JICA, ADB","DFAT, MFAT, JICA, ADB",1.2,2025,2030,Phase 1 (Near-term),Proposed,Unspecified,Enabling & capacity (cross-hazard),,,
R232,RONAdapt II Pipeline (Future),Climate-Smart and Greening of Government Buildings and Offices,Renewable energy system,,Governance & Finance,TBC,TBC,TBC,"EU, GCF, WB","EU, GCF, WB",0.25,2025,2030,Phase 1 (Near-term),Proposed,Unspecified,Enabling & capacity (cross-hazard),,,
R233,RONAdapt II Pipeline (Future),Climate-Smart and Greening of Government Buildings and Offices,Water systems,,Governance & Finance,TBC,TBC,TBC,"SPREP, UNICEF, GCF","SPREP, UNICEF, GCF",0.15,2025,2030,Phase 1 (Near-term),Proposed,Unspecified,Enabling & capacity (cross-hazard),,,
R234,RONAdapt II Pipeline (Future),Climate-Smart and Greening of Government Buildings and Offices,Climate-smart fit-out,,Governance & Finance,TBC,TBC,TBC,"DFAT, MFAT","DFAT, MFAT",0.15,2025,2030,Phase 1 (Near-term),Proposed,Unspecified,Enabling & capacity (cross-hazard),,,
R235,RONAdapt II Pipeline (Future),Climate-Smart and Greening of Government Buildings and Offices,Landscaping & resilience,,Governance & Finance,TBC,TBC,TBC,"SPC, NGOs, SPREP","SPC, NGOs, SPREP",0.075,2025,2030,Phase 1 (Near-term),Proposed,Unspecified,Enabling & capacity (cross-hazard),,,
R236,RONAdapt II Pipeline (Future),Climate-Smart and Greening of Government Buildings and Offices,Training & capacity building,,Governance & Finance,TBC,TBC,TBC,"UNDP, SPC, SPREP","UNDP, SPC, SPREP",0.05,2025,2030,Phase 1 (Near-term),Proposed,Unspecified,Enabling & capacity (cross-hazard),,,
R237,RONAdapt II Pipeline (Future),Climate-Smart and Greening of Government Buildings and Offices,Monitoring & evaluation,,Governance & Finance,TBC,TBC,TBC,"UNDP, GCF","UNDP, GCF",0.05,2025,2030,Phase 1 (Near-term),Proposed,Unspecified,Enabling & capacity (cross-hazard),,,
R238,RONAdapt II Pipeline (Future),Climate-Smart and Greening of Government Buildings and Offices,Phase 1 contingency,,Governance & Finance,TBC,TBC,TBC,Mixed donors & Government,Mixed donors & Government,0.21,2025,2030,Phase 1 (Near-term),Proposed,Unspecified,Enabling & capacity (cross-hazard),,,
R239,RONAdapt II Pipeline (Future),Climate-Smart and Greening of Government Buildings and Offices,Expansion of renewable energy,,Governance & Finance,TBC,TBC,TBC,"EU, GCF","EU, GCF",0.2,2027,2035,Phase 2 (Medium-term),Proposed,Unspecified,Enabling & capacity (cross-hazard),,,
R240,RONAdapt II Pipeline (Future),Climate-Smart and Greening of Government Buildings and Offices,Additional water efficiency & reuse systems,,Governance & Finance,TBC,TBC,TBC,"SPREP, UNICEF","SPREP, UNICEF",0.1,2027,2035,Phase 2 (Medium-term),Proposed,Unspecified,Enabling & capacity (cross-hazard),,,
R241,RONAdapt II Pipeline (Future),Climate-Smart and Greening of Government Buildings and Offices,Retrofitting adjacent government buildings,,Governance & Finance,TBC,TBC,TBC,"DFAT, ADB","DFAT, ADB",0.25,2027,2035,Phase 2 (Medium-term),Proposed,Unspecified,Enabling & capacity (cross-hazard),,,
R242,RONAdapt II Pipeline (Future),Climate-Smart and Greening of Government Buildings and Offices,Green building operations manuals,,Governance & Finance,TBC,TBC,TBC,UNDP,UNDP,0.05,2027,2035,Phase 2 (Medium-term),Proposed,Unspecified,Enabling & capacity (cross-hazard),,,
R243,RONAdapt II Pipeline (Future),Climate-Smart and Greening of Government Buildings and Offices,Formal staff training & certification,,Governance & Finance,TBC,TBC,TBC,"JICA, SPC","JICA, SPC",0.075,2027,2035,Phase 2 (Medium-term),Proposed,Unspecified,Enabling & capacity (cross-hazard),,,
R244,RONAdapt II Pipeline (Future),Climate-Smart and Greening of Government Buildings and Offices,National building efficiency guidelines,,Governance & Finance,TBC,TBC,TBC,"SPREP, UNEP","SPREP, UNEP",0.1,2027,2035,Phase 2 (Medium-term),Proposed,Unspecified,Enabling & capacity (cross-hazard),,,
R245,RONAdapt II Pipeline (Future),Climate-Smart and Greening of Government Buildings and Offices,Monitoring & evaluation,,Governance & Finance,TBC,TBC,TBC,UNDP,UNDP,0.05,2027,2035,Phase 2 (Medium-term),Proposed,Unspecified,Enabling & capacity (cross-hazard),,,
R246,RONAdapt II Pipeline (Future),Climate-Smart and Greening of Government Buildings and Offices,Phase 2 contingency,,Governance & Finance,TBC,TBC,TBC,Mixed,Mixed,0.085,2027,2035,Phase 2 (Medium-term),Proposed,Unspecified,Enabling & capacity (cross-hazard),,,
R247,RONAdapt II Pipeline (Future),Climate-Smart and Greening of Government Buildings and Offices,Climate-smart building standards & codes,,Governance & Finance,TBC,TBC,TBC,"SPC, UNDP","SPC, UNDP",0.2,2035,2040,Phase 3 (Long-term),Proposed,Unspecified,Enabling & capacity (cross-hazard),,,
R248,RONAdapt II Pipeline (Future),Climate-Smart and Greening of Government Buildings and Offices,"Replication in schools, clinics & community facilities",,Governance & Finance,TBC,TBC,TBC,"DFAT, ADB","DFAT, ADB",0.25,2035,2040,Phase 3 (Long-term),Proposed,Unspecified,Enabling & capacity (cross-hazard),,,
R249,RONAdapt II Pipeline (Future),Climate-Smart and Greening of Government Buildings and Offices,Integration into procurement frameworks,,Governance & Finance,TBC,TBC,TBC,"EU, WB","EU, WB",0.1,2035,2040,Phase 3 (Long-term),Proposed,Unspecified,Enabling & capacity (cross-hazard),,,
R250,RONAdapt II Pipeline (Future),Climate-Smart and Greening of Government Buildings and Offices,Regional knowledge sharing & case studies,,Governance & Finance,TBC,TBC,TBC,"SPC, SPREP","SPC, SPREP",0.1,2035,2040,Phase 3 (Long-term),Proposed,Unspecified,Enabling & capacity (cross-hazard),,,
R251,RONAdapt II Pipeline (Future),Climate-Smart and Greening of Government Buildings and Offices,Long-term financing provisions,,Governance & Finance,TBC,TBC,TBC,"GCF, AF","GCF, AF",0.1,2035,2040,Phase 3 (Long-term),Proposed,Unspecified,Enabling & capacity (cross-hazard),,,
R252,RONAdapt II Pipeline (Future),Climate-Smart and Greening of Government Buildings and Offices,Monitoring & evaluation,,Governance & Finance,TBC,TBC,TBC,UNDP,UNDP,0.05,2035,2040,Phase 3 (Long-term),Proposed,Unspecified,Enabling & capacity (cross-hazard),,,
R253,RONAdapt II Pipeline (Future),Climate-Smart and Greening of Government Buildings and Offices,Phase 3 contingency,,Governance & Finance,TBC,TBC,TBC,Mixed,Mixed,0.08,2035,2040,Phase 3 (Long-term),Proposed,Unspecified,Enabling & capacity (cross-hazard),,,
R254,RONAdapt II Pipeline (Future),Climate Smart Agriculture and Land/Soil Productivity Rehabilitation,Compost hubs & soil amendment systems,,Agriculture & Food,TBC,TBC,TBC,"SPC, FAO, NGOs","SPC, FAO, NGOs",0.5,2025,2030,Phase 1 (Near-term),Proposed,Unspecified,Food insecurity,,,
R255,RONAdapt II Pipeline (Future),Climate Smart Agriculture and Land/Soil Productivity Rehabilitation,Agroforestry demonstration plots & nurseries,,Agriculture & Food,TBC,TBC,TBC,"SPREP, FAO, GEF","SPREP, FAO, GEF",0.6,2025,2030,Phase 1 (Near-term),Proposed,Unspecified,Food insecurity,,,
R256,RONAdapt II Pipeline (Future),Climate Smart Agriculture and Land/Soil Productivity Rehabilitation,Demonstration farms,,Agriculture & Food,TBC,TBC,TBC,"IFAD, DFAT, MFAT","IFAD, DFAT, MFAT",0.5,2025,2030,Phase 1 (Near-term),Proposed,Unspecified,Food insecurity,,,
R257,RONAdapt II Pipeline (Future),Climate Smart Agriculture and Land/Soil Productivity Rehabilitation,Household livestock starter kits & feed gardens,,Agriculture & Food,TBC,TBC,TBC,"FAO, IFAD","FAO, IFAD",0.4,2025,2030,Phase 1 (Near-term),Proposed,Unspecified,Food insecurity,,,
R258,RONAdapt II Pipeline (Future),Climate Smart Agriculture and Land/Soil Productivity Rehabilitation,Training & awareness programmes,,Agriculture & Food,TBC,TBC,TBC,"FAO, SPC, NGOs","FAO, SPC, NGOs",0.3,2025,2030,Phase 1 (Near-term),Proposed,Unspecified,Food insecurity,,,
R259,RONAdapt II Pipeline (Future),Climate Smart Agriculture and Land/Soil Productivity Rehabilitation,Monitoring & evaluation,,Agriculture & Food,TBC,TBC,TBC,"UNDP, SPC","UNDP, SPC",0.1,2025,2030,Phase 1 (Near-term),Proposed,Unspecified,Food insecurity,,,
R260,RONAdapt II Pipeline (Future),Climate Smart Agriculture and Land/Soil Productivity Rehabilitation,Phase 1 contingency,,Agriculture & Food,TBC,TBC,TBC,Mixed,Mixed,0.24,2025,2030,Phase 1 (Near-term),Proposed,Unspecified,Food insecurity,,,
R261,RONAdapt II Pipeline (Future),Climate Smart Agriculture and Land/Soil Productivity Rehabilitation,Expansion of compost hubs,,Agriculture & Food,TBC,TBC,TBC,"GCF, SPC","GCF, SPC",0.6,2027,2035,Phase 2 (Medium-term),Proposed,Unspecified,Food insecurity,,,
R262,RONAdapt II Pipeline (Future),Climate Smart Agriculture and Land/Soil Productivity Rehabilitation,Agroforestry corridors & planting campaigns,,Agriculture & Food,TBC,TBC,TBC,"SPREP, GEF","SPREP, GEF",0.9,2027,2035,Phase 2 (Medium-term),Proposed,Unspecified,Food insecurity,,,
R263,RONAdapt II Pipeline (Future),Climate Smart Agriculture and Land/Soil Productivity Rehabilitation,Expanded irrigation & fodder banks,,Agriculture & Food,TBC,TBC,TBC,"IFAD, MFAT, DFAT","IFAD, MFAT, DFAT",0.6,2027,2035,Phase 2 (Medium-term),Proposed,Unspecified,Food insecurity,,,
R264,RONAdapt II Pipeline (Future),Climate Smart Agriculture and Land/Soil Productivity Rehabilitation,Traditional crop revival,,Agriculture & Food,TBC,TBC,TBC,"SPC, NGOs","SPC, NGOs",0.4,2027,2035,Phase 2 (Medium-term),Proposed,Unspecified,Food insecurity,,,
R265,RONAdapt II Pipeline (Future),Climate Smart Agriculture and Land/Soil Productivity Rehabilitation,Strengthening extension services,,Agriculture & Food,TBC,TBC,TBC,"FAO, SPC","FAO, SPC",0.35,2027,2035,Phase 2 (Medium-term),Proposed,Unspecified,Food insecurity,,,
R266,RONAdapt II Pipeline (Future),Climate Smart Agriculture and Land/Soil Productivity Rehabilitation,Farmer certification & training,,Agriculture & Food,TBC,TBC,TBC,"UNDP, FAO","UNDP, FAO",0.2,2027,2035,Phase 2 (Medium-term),Proposed,Unspecified,Food insecurity,,,
R267,RONAdapt II Pipeline (Future),Climate Smart Agriculture and Land/Soil Productivity Rehabilitation,Small-scale biogas pilots,,Agriculture & Food,TBC,TBC,TBC,"GEF SGP, NGOs","GEF SGP, NGOs",0.2,2027,2035,Phase 2 (Medium-term),Proposed,Unspecified,Food insecurity,,,
R268,RONAdapt II Pipeline (Future),Climate Smart Agriculture and Land/Soil Productivity Rehabilitation,Monitoring & evaluation,,Agriculture & Food,TBC,TBC,TBC,UNDP,UNDP,0.1,2027,2035,Phase 2 (Medium-term),Proposed,Unspecified,Food insecurity,,,
R269,RONAdapt II Pipeline (Future),Climate Smart Agriculture and Land/Soil Productivity Rehabilitation,Phase 2 contingency,,Agriculture & Food,TBC,TBC,TBC,Mixed,Mixed,0.335,2027,2035,Phase 2 (Medium-term),Proposed,Unspecified,Food insecurity,,,
R270,RONAdapt II Pipeline (Future),Climate Smart Agriculture and Land/Soil Productivity Rehabilitation,Large-scale agroforestry corridors & biodiversity,,Agriculture & Food,TBC,TBC,TBC,"GCF, FAO","GCF, FAO",0.6,2035,2040,Phase 3 (Long-term),Proposed,Unspecified,Food insecurity,,,
R271,RONAdapt II Pipeline (Future),Climate Smart Agriculture and Land/Soil Productivity Rehabilitation,National land-use & policy frameworks,,Agriculture & Food,TBC,TBC,TBC,"SPC, UNDP","SPC, UNDP",0.25,2035,2040,Phase 3 (Long-term),Proposed,Unspecified,Food insecurity,,,
R272,RONAdapt II Pipeline (Future),Climate Smart Agriculture and Land/Soil Productivity Rehabilitation,National farmer training centre & seed banks,,Agriculture & Food,TBC,TBC,TBC,"DFAT, FAO","DFAT, FAO",0.3,2035,2040,Phase 3 (Long-term),Proposed,Unspecified,Food insecurity,,,
R273,RONAdapt II Pipeline (Future),Climate Smart Agriculture and Land/Soil Productivity Rehabilitation,Long-term financing mechanisms,,Agriculture & Food,TBC,TBC,TBC,"GCF, AF","GCF, AF",0.2,2035,2040,Phase 3 (Long-term),Proposed,Unspecified,Food insecurity,,,
R274,RONAdapt II Pipeline (Future),Climate Smart Agriculture and Land/Soil Productivity Rehabilitation,Regional knowledge sharing & case studies,,Agriculture & Food,TBC,TBC,TBC,"SPC, SPREP","SPC, SPREP",0.15,2035,2040,Phase 3 (Long-term),Proposed,Unspecified,Food insecurity,,,
R275,RONAdapt II Pipeline (Future),Climate Smart Agriculture and Land/Soil Productivity Rehabilitation,Monitoring & evaluation,,Agriculture & Food,TBC,TBC,TBC,UNDP,UNDP,0.1,2035,2040,Phase 3 (Long-term),Proposed,Unspecified,Food insecurity,,,
R276,RONAdapt II Pipeline (Future),Climate Smart Agriculture and Land/Soil Productivity Rehabilitation,Phase 3 contingency,,Agriculture & Food,TBC,TBC,TBC,Mixed,Mixed,0.16,2035,2040,Phase 3 (Long-term),Proposed,Unspecified,Food insecurity,,,
R277,RONAdapt II Pipeline (Future),Management of Waste for Reduction of Emissions,"Recycling workshops, machinery & installation",,Waste Management,TBC,TBC,TBC,"JICA, GEF SGP","JICA, GEF SGP",0.8,2025,2030,Phase 1 (Near-term),Proposed,Unspecified,Land & marine environment,,,
R278,RONAdapt II Pipeline (Future),Management of Waste for Reduction of Emissions,Community collection systems & awareness,,Waste Management,TBC,TBC,TBC,"EU, NGOs","EU, NGOs",0.2,2025,2030,Phase 1 (Near-term),Proposed,Unspecified,Land & marine environment,,,
R279,RONAdapt II Pipeline (Future),Management of Waste for Reduction of Emissions,Training & safety workshops,,Waste Management,TBC,TBC,TBC,"JICA, SPC","JICA, SPC",0.15,2025,2030,Phase 1 (Near-term),Proposed,Unspecified,Land & marine environment,,,
R280,RONAdapt II Pipeline (Future),Management of Waste for Reduction of Emissions,"Product design, mould fabrication, innovation support",,Waste Management,TBC,TBC,TBC,JICA,JICA,0.1,2025,2030,Phase 1 (Near-term),Proposed,Unspecified,Land & marine environment,,,
R281,RONAdapt II Pipeline (Future),Management of Waste for Reduction of Emissions,Monitoring & evaluation,,Waste Management,TBC,TBC,TBC,UNDP,UNDP,0.05,2025,2030,Phase 1 (Near-term),Proposed,Unspecified,Land & marine environment,,,
R282,RONAdapt II Pipeline (Future),Management of Waste for Reduction of Emissions,Phase 1 contingency,,Waste Management,TBC,TBC,TBC,Mixed,Mixed,0.13,2025,2030,Phase 1 (Near-term),Proposed,Unspecified,Land & marine environment,,,
R283,RONAdapt II Pipeline (Future),Management of Waste for Reduction of Emissions,Expansion of workshops & machinery,,Waste Management,TBC,TBC,TBC,"ADB, JICA","ADB, JICA",0.5,2027,2035,Phase 2 (Medium-term),Proposed,Unspecified,Land & marine environment,,,
R284,RONAdapt II Pipeline (Future),Management of Waste for Reduction of Emissions,New product lines,,Waste Management,TBC,TBC,TBC,"Private sector, JICA","Private sector, JICA",0.25,2027,2035,Phase 2 (Medium-term),Proposed,Unspecified,Land & marine environment,,,
R285,RONAdapt II Pipeline (Future),Management of Waste for Reduction of Emissions,Transport & collection logistics,,Waste Management,TBC,TBC,TBC,EU,EU,0.2,2027,2035,Phase 2 (Medium-term),Proposed,Unspecified,Land & marine environment,,,
R286,RONAdapt II Pipeline (Future),Management of Waste for Reduction of Emissions,Enterprise incubation & market support,,Waste Management,TBC,TBC,TBC,"UNDP, NGOs","UNDP, NGOs",0.15,2027,2035,Phase 2 (Medium-term),Proposed,Unspecified,Land & marine environment,,,
R287,RONAdapt II Pipeline (Future),Management of Waste for Reduction of Emissions,Training & awareness,,Waste Management,TBC,TBC,TBC,GEF SGP,GEF SGP,0.1,2027,2035,Phase 2 (Medium-term),Proposed,Unspecified,Land & marine environment,,,
R288,RONAdapt II Pipeline (Future),Management of Waste for Reduction of Emissions,Monitoring & evaluation,,Waste Management,TBC,TBC,TBC,ADB,ADB,0.05,2027,2035,Phase 2 (Medium-term),Proposed,Unspecified,Land & marine environment,,,
R289,RONAdapt II Pipeline (Future),Management of Waste for Reduction of Emissions,Phase 2 contingency,,Waste Management,TBC,TBC,TBC,Mixed,Mixed,0.125,2027,2035,Phase 2 (Medium-term),Proposed,Unspecified,Land & marine environment,,,
R290,RONAdapt II Pipeline (Future),Management of Waste for Reduction of Emissions,Curricula & training institute integration,,Waste Management,TBC,TBC,TBC,"SPC, Ministry of Education","SPC, Ministry of Education",0.2,2035,2040,Phase 3 (Long-term),Proposed,Unspecified,Land & marine environment,,,
R291,RONAdapt II Pipeline (Future),Management of Waste for Reduction of Emissions,National recycling standards & certification,,Waste Management,TBC,TBC,TBC,"SPREP, EU","SPREP, EU",0.15,2035,2040,Phase 3 (Long-term),Proposed,Unspecified,Land & marine environment,,,
R292,RONAdapt II Pipeline (Future),Management of Waste for Reduction of Emissions,PPP establishment for recycling,,Waste Management,TBC,TBC,TBC,"ADB, Private sector","ADB, Private sector",0.15,2035,2040,Phase 3 (Long-term),Proposed,Unspecified,Land & marine environment,,,
R293,RONAdapt II Pipeline (Future),Management of Waste for Reduction of Emissions,Financing mechanisms,,Waste Management,TBC,TBC,TBC,"Government, ADB","Government, ADB",0.1,2035,2040,Phase 3 (Long-term),Proposed,Unspecified,Land & marine environment,,,
R294,RONAdapt II Pipeline (Future),Management of Waste for Reduction of Emissions,Regional knowledge sharing & case studies,,Waste Management,TBC,TBC,TBC,SPREP,SPREP,0.1,2035,2040,Phase 3 (Long-term),Proposed,Unspecified,Land & marine environment,,,
R295,RONAdapt II Pipeline (Future),Management of Waste for Reduction of Emissions,Monitoring & evaluation,,Waste Management,TBC,TBC,TBC,UNDP,UNDP,0.05,2035,2040,Phase 3 (Long-term),Proposed,Unspecified,Land & marine environment,,,
R296,RONAdapt II Pipeline (Future),Management of Waste for Reduction of Emissions,Phase 3 contingency,,Waste Management,TBC,TBC,TBC,Mixed,Mixed,0.075,2035,2040,Phase 3 (Long-term),Proposed,Unspecified,Land & marine environment,,,
R297,RONAdapt II Pipeline (Future),Safeguarding Biodiversity: Invasive Species Eradication and Native Habitat Restoration,Invasive species eradication pilots,,Environment & Biodiversity,TBC,TBC,TBC,"DFAT, JICA","DFAT, JICA",0.3,2025,2030,Phase 1 (Near-term),Proposed,Unspecified,Land & marine environment,,,
R298,RONAdapt II Pipeline (Future),Safeguarding Biodiversity: Invasive Species Eradication and Native Habitat Restoration,Native vegetation pilot plots,,Environment & Biodiversity,TBC,TBC,TBC,SPREP,SPREP,0.35,2025,2030,Phase 1 (Near-term),Proposed,Unspecified,Land & marine environment,,,
R299,RONAdapt II Pipeline (Future),Safeguarding Biodiversity: Invasive Species Eradication and Native Habitat Restoration,Institutional capacity training,,Environment & Biodiversity,TBC,TBC,TBC,"UNDP, SPC","UNDP, SPC",0.15,2025,2030,Phase 1 (Near-term),Proposed,Unspecified,Land & marine environment,,,
R300,RONAdapt II Pipeline (Future),Safeguarding Biodiversity: Invasive Species Eradication and Native Habitat Restoration,Endemic species baseline monitoring,,Environment & Biodiversity,TBC,TBC,TBC,"BirdLife, IUCN","BirdLife, IUCN",0.1,2025,2030,Phase 1 (Near-term),Proposed,Unspecified,Land & marine environment,,,
R301,RONAdapt II Pipeline (Future),Safeguarding Biodiversity: Invasive Species Eradication and Native Habitat Restoration,Community awareness campaigns,,Environment & Biodiversity,TBC,TBC,TBC,"NGOs, GEF SGP","NGOs, GEF SGP",0.05,2025,2030,Phase 1 (Near-term),Proposed,Unspecified,Land & marine environment,,,
R302,RONAdapt II Pipeline (Future),Safeguarding Biodiversity: Invasive Species Eradication and Native Habitat Restoration,Phase 1 contingency,,Environment & Biodiversity,TBC,TBC,TBC,Mixed,Mixed,0.095,2025,2030,Phase 1 (Near-term),Proposed,Unspecified,Land & marine environment,,,
R303,RONAdapt II Pipeline (Future),Safeguarding Biodiversity: Invasive Species Eradication and Native Habitat Restoration,Expansion of eradication campaigns,,Environment & Biodiversity,TBC,TBC,TBC,"DFAT, JICA","DFAT, JICA",0.35,2027,2035,Phase 2 (Medium-term),Proposed,Unspecified,Land & marine environment,,,
R304,RONAdapt II Pipeline (Future),Safeguarding Biodiversity: Invasive Species Eradication and Native Habitat Restoration,Community nurseries & planting campaigns,,Environment & Biodiversity,TBC,TBC,TBC,"SPREP, MFAT","SPREP, MFAT",0.5,2027,2035,Phase 2 (Medium-term),Proposed,Unspecified,Land & marine environment,,,
R305,RONAdapt II Pipeline (Future),Safeguarding Biodiversity: Invasive Species Eradication and Native Habitat Restoration,Scaling endemic species monitoring,,Environment & Biodiversity,TBC,TBC,TBC,"IUCN, BirdLife","IUCN, BirdLife",0.2,2027,2035,Phase 2 (Medium-term),Proposed,Unspecified,Land & marine environment,,,
R306,RONAdapt II Pipeline (Future),Safeguarding Biodiversity: Invasive Species Eradication and Native Habitat Restoration,Community stewardship programmes,,Environment & Biodiversity,TBC,TBC,TBC,"NGOs, GEF SGP","NGOs, GEF SGP",0.15,2027,2035,Phase 2 (Medium-term),Proposed,Unspecified,Land & marine environment,,,
R307,RONAdapt II Pipeline (Future),Safeguarding Biodiversity: Invasive Species Eradication and Native Habitat Restoration,Biodiversity data & GIS surveys,,Environment & Biodiversity,TBC,TBC,TBC,"UNDP, SPC","UNDP, SPC",0.15,2027,2035,Phase 2 (Medium-term),Proposed,Unspecified,Land & marine environment,,,
R308,RONAdapt II Pipeline (Future),Safeguarding Biodiversity: Invasive Species Eradication and Native Habitat Restoration,Phase 2 contingency,,Environment & Biodiversity,TBC,TBC,TBC,Mixed,Mixed,0.135,2027,2035,Phase 2 (Medium-term),Proposed,Unspecified,Land & marine environment,,,
R309,RONAdapt II Pipeline (Future),Safeguarding Biodiversity: Invasive Species Eradication and Native Habitat Restoration,National policy integration & legislation,,Environment & Biodiversity,TBC,TBC,TBC,"UNDP, SPC","UNDP, SPC",0.2,2035,2040,Phase 3 (Long-term),Proposed,Unspecified,Land & marine environment,,,
R310,RONAdapt II Pipeline (Future),Safeguarding Biodiversity: Invasive Species Eradication and Native Habitat Restoration,Long-term financing mechanisms,,Environment & Biodiversity,TBC,TBC,TBC,"GCF, AF","GCF, AF",0.2,2035,2040,Phase 3 (Long-term),Proposed,Unspecified,Land & marine environment,,,
R311,RONAdapt II Pipeline (Future),Safeguarding Biodiversity: Invasive Species Eradication and Native Habitat Restoration,Endemic species long-term monitoring,,Environment & Biodiversity,TBC,TBC,TBC,"BirdLife, IUCN","BirdLife, IUCN",0.15,2035,2040,Phase 3 (Long-term),Proposed,Unspecified,Land & marine environment,,,
R312,RONAdapt II Pipeline (Future),Safeguarding Biodiversity: Invasive Species Eradication and Native Habitat Restoration,Regional knowledge exchange,,Environment & Biodiversity,TBC,TBC,TBC,"SPREP, IUCN","SPREP, IUCN",0.1,2035,2040,Phase 3 (Long-term),Proposed,Unspecified,Land & marine environment,,,
R313,RONAdapt II Pipeline (Future),Safeguarding Biodiversity: Invasive Species Eradication and Native Habitat Restoration,Community education & ongoing awareness,,Environment & Biodiversity,TBC,TBC,TBC,NGOs,NGOs,0.05,2035,2040,Phase 3 (Long-term),Proposed,Unspecified,Land & marine environment,,,
R314,RONAdapt II Pipeline (Future),Safeguarding Biodiversity: Invasive Species Eradication and Native Habitat Restoration,Phase 3 contingency,,Environment & Biodiversity,TBC,TBC,TBC,Mixed,Mixed,0.07,2035,2040,Phase 3 (Long-term),Proposed,Unspecified,Land & marine environment,,,
R315,RONAdapt II Pipeline (Future),Nauru-Wide Disaster Risk Vulnerability Assessment,Hazard mapping,,Disaster Risk Reduction,TBC,TBC,TBC,"SPC, SPREP, UNDP","SPC, SPREP, UNDP",0.5,2025,2030,Phase 1 (Near-term),Proposed,Unspecified,Multi-hazard preparedness,,,
R316,RONAdapt II Pipeline (Future),Nauru-Wide Disaster Risk Vulnerability Assessment,Vulnerability surveys,,Disaster Risk Reduction,TBC,TBC,TBC,"DFAT, MFAT, EU","DFAT, MFAT, EU",0.4,2025,2030,Phase 1 (Near-term),Proposed,Unspecified,Multi-hazard preparedness,,,
R317,RONAdapt II Pipeline (Future),Nauru-Wide Disaster Risk Vulnerability Assessment,Community engagement & awareness,,Disaster Risk Reduction,TBC,TBC,TBC,"NGOs, GEF SGP","NGOs, GEF SGP",0.1,2025,2030,Phase 1 (Near-term),Proposed,Unspecified,Multi-hazard preparedness,,,
R318,RONAdapt II Pipeline (Future),Nauru-Wide Disaster Risk Vulnerability Assessment,Phase 1 contingency,,Disaster Risk Reduction,TBC,TBC,TBC,Mixed,Mixed,0.1,2025,2030,Phase 1 (Near-term),Proposed,Unspecified,Multi-hazard preparedness,,,
R319,RONAdapt II Pipeline (Future),Nauru-Wide Disaster Risk Vulnerability Assessment,Capacity building workshops,,Disaster Risk Reduction,TBC,TBC,TBC,"ADB, World Bank","ADB, World Bank",0.3,2027,2035,Phase 2 (Medium-term),Proposed,Unspecified,Multi-hazard preparedness,,,
R320,RONAdapt II Pipeline (Future),Nauru-Wide Disaster Risk Vulnerability Assessment,Expanded hazard mapping & modelling,,Disaster Risk Reduction,TBC,TBC,TBC,"SPC, SPREP","SPC, SPREP",0.4,2027,2035,Phase 2 (Medium-term),Proposed,Unspecified,Multi-hazard preparedness,,,
R321,RONAdapt II Pipeline (Future),Nauru-Wide Disaster Risk Vulnerability Assessment,Evacuation pathway mapping & safe-site integration,,Disaster Risk Reduction,TBC,TBC,TBC,"ADB, DFAT, EU","ADB, DFAT, EU",0.25,2027,2035,Phase 2 (Medium-term),Proposed,Unspecified,Multi-hazard preparedness,,,
R322,RONAdapt II Pipeline (Future),Nauru-Wide Disaster Risk Vulnerability Assessment,Policy briefs & dissemination,,Disaster Risk Reduction,TBC,TBC,TBC,"Government, UNDP","Government, UNDP",0.1,2027,2035,Phase 2 (Medium-term),Proposed,Unspecified,Multi-hazard preparedness,,,
R323,RONAdapt II Pipeline (Future),Nauru-Wide Disaster Risk Vulnerability Assessment,Monitoring & evaluation,,Disaster Risk Reduction,TBC,TBC,TBC,"ADB, UNDP","ADB, UNDP",0.1,2027,2035,Phase 2 (Medium-term),Proposed,Unspecified,Multi-hazard preparedness,,,
R324,RONAdapt II Pipeline (Future),Nauru-Wide Disaster Risk Vulnerability Assessment,Phase 2 contingency,,Disaster Risk Reduction,TBC,TBC,TBC,Mixed,Mixed,0.115,2027,2035,Phase 2 (Medium-term),Proposed,Unspecified,Multi-hazard preparedness,,,
R325,RONAdapt II Pipeline (Future),Nauru-Wide Disaster Risk Vulnerability Assessment,Policy integration & institutionalisation,,Disaster Risk Reduction,TBC,TBC,TBC,"UNDP, SPC","UNDP, SPC",0.2,2035,2040,Phase 3 (Long-term),Proposed,Unspecified,Multi-hazard preparedness,,,
R326,RONAdapt II Pipeline (Future),Nauru-Wide Disaster Risk Vulnerability Assessment,National disaster risk & evacuation database,,Disaster Risk Reduction,TBC,TBC,TBC,"World Bank, ADB","World Bank, ADB",0.2,2035,2040,Phase 3 (Long-term),Proposed,Unspecified,Multi-hazard preparedness,,,
R327,RONAdapt II Pipeline (Future),Nauru-Wide Disaster Risk Vulnerability Assessment,Long-term financing mechanisms,,Disaster Risk Reduction,TBC,TBC,TBC,"GCF, AF","GCF, AF",0.1,2035,2040,Phase 3 (Long-term),Proposed,Unspecified,Multi-hazard preparedness,,,
R328,RONAdapt II Pipeline (Future),Nauru-Wide Disaster Risk Vulnerability Assessment,Community drills & ongoing awareness,,Disaster Risk Reduction,TBC,TBC,TBC,"SPC, NGOs","SPC, NGOs",0.1,2035,2040,Phase 3 (Long-term),Proposed,Unspecified,Multi-hazard preparedness,,,
R329,RONAdapt II Pipeline (Future),Nauru-Wide Disaster Risk Vulnerability Assessment,Regional knowledge exchange & reporting,,Disaster Risk Reduction,TBC,TBC,TBC,"CREWS, SPREP","CREWS, SPREP",0.1,2035,2040,Phase 3 (Long-term),Proposed,Unspecified,Multi-hazard preparedness,,,
R330,RONAdapt II Pipeline (Future),Nauru-Wide Disaster Risk Vulnerability Assessment,Phase 3 contingency,,Disaster Risk Reduction,TBC,TBC,TBC,Mixed,Mixed,0.07,2035,2040,Phase 3 (Long-term),Proposed,Unspecified,Multi-hazard preparedness,,,
R331,RONAdapt II Pipeline (Future),Climate Proof and Strengthen Health Sector Resilience,HEPR Plan development & rollout,,Health,TBC,TBC,TBC,"WHO, UNDP, SPC","WHO, UNDP, SPC",0.4,2025,2030,Phase 1 (Near-term),Proposed,Unspecified,Climate-health risks,,,
R332,RONAdapt II Pipeline (Future),Climate Proof and Strengthen Health Sector Resilience,Republic Hospital resilience upgrades,,Health,TBC,TBC,TBC,"JICA, DFAT, EU","JICA, DFAT, EU",1.0,2025,2030,Phase 1 (Near-term),Proposed,Unspecified,Climate-health risks,,,
R333,RONAdapt II Pipeline (Future),Climate Proof and Strengthen Health Sector Resilience,Initial emergency stockpiles,,Health,TBC,TBC,TBC,"WHO, DFAT, SPC","WHO, DFAT, SPC",0.4,2025,2030,Phase 1 (Near-term),Proposed,Unspecified,Climate-health risks,,,
R334,RONAdapt II Pipeline (Future),Climate Proof and Strengthen Health Sector Resilience,Training & drills,,Health,TBC,TBC,TBC,"WHO, NGOs","WHO, NGOs",0.3,2025,2030,Phase 1 (Near-term),Proposed,Unspecified,Climate-health risks,,,
R335,RONAdapt II Pipeline (Future),Climate Proof and Strengthen Health Sector Resilience,Phase 1 contingency,,Health,TBC,TBC,TBC,Mixed,Mixed,0.21,2025,2030,Phase 1 (Near-term),Proposed,Unspecified,Climate-health risks,,,
R336,RONAdapt II Pipeline (Future),Climate Proof and Strengthen Health Sector Resilience,Clinic-level resilience upgrades,,Health,TBC,TBC,TBC,"JICA, DFAT, MFAT","JICA, DFAT, MFAT",0.8,2027,2035,Phase 2 (Medium-term),Proposed,Unspecified,Climate-health risks,,,
R337,RONAdapt II Pipeline (Future),Climate Proof and Strengthen Health Sector Resilience,Mobile health units & outreach kits,,Health,TBC,TBC,TBC,"UNDP, MFAT","UNDP, MFAT",0.6,2027,2035,Phase 2 (Medium-term),Proposed,Unspecified,Climate-health risks,,,
R338,RONAdapt II Pipeline (Future),Climate Proof and Strengthen Health Sector Resilience,Expanded stockpile & supply chain system,,Health,TBC,TBC,TBC,"WHO, EU","WHO, EU",0.5,2027,2035,Phase 2 (Medium-term),Proposed,Unspecified,Climate-health risks,,,
R339,RONAdapt II Pipeline (Future),Climate Proof and Strengthen Health Sector Resilience,Advanced training & simulation drills,,Health,TBC,TBC,TBC,"WHO, Red Cross","WHO, Red Cross",0.3,2027,2035,Phase 2 (Medium-term),Proposed,Unspecified,Climate-health risks,,,
R340,RONAdapt II Pipeline (Future),Climate Proof and Strengthen Health Sector Resilience,Phase 2 contingency,,Health,TBC,TBC,TBC,Mixed,Mixed,0.22,2027,2035,Phase 2 (Medium-term),Proposed,Unspecified,Climate-health risks,,,
R341,RONAdapt II Pipeline (Future),Climate Proof and Strengthen Health Sector Resilience,Policy integration & institutionalisation,,Health,TBC,TBC,TBC,"UNDP, WHO","UNDP, WHO",0.3,2035,2040,Phase 3 (Long-term),Proposed,Unspecified,Climate-health risks,,,
R342,RONAdapt II Pipeline (Future),Climate Proof and Strengthen Health Sector Resilience,Health infrastructure resilience fund set-up,,Health,TBC,TBC,TBC,"GCF, AF","GCF, AF",0.5,2035,2040,Phase 3 (Long-term),Proposed,Unspecified,Climate-health risks,,,
R343,RONAdapt II Pipeline (Future),Climate Proof and Strengthen Health Sector Resilience,Regional pooled procurement & partnerships,,Health,TBC,TBC,TBC,"SPC, WHO","SPC, WHO",0.2,2035,2040,Phase 3 (Long-term),Proposed,Unspecified,Climate-health risks,,,
R344,RONAdapt II Pipeline (Future),Climate Proof and Strengthen Health Sector Resilience,Ongoing mobile outreach & drills,,Health,TBC,TBC,TBC,"NGOs, MFAT","NGOs, MFAT",0.2,2035,2040,Phase 3 (Long-term),Proposed,Unspecified,Climate-health risks,,,
R345,RONAdapt II Pipeline (Future),Climate Proof and Strengthen Health Sector Resilience,Phase 3 contingency,,Health,TBC,TBC,TBC,Mixed,Mixed,0.12,2035,2040,Phase 3 (Long-term),Proposed,Unspecified,Climate-health risks,,,
R346,RONAdapt II Pipeline (Future),Innovative Energy Solutions for Government and Community Facilities for Climate Resilience,Solar PV & Battery for core government facilities,,Energy,TBC,TBC,TBC,"DFAT, MFAT, EU","DFAT, MFAT, EU",1.2,2025,2030,Phase 1 (Near-term),Proposed,Unspecified,Energy & fuel security,,,
R347,RONAdapt II Pipeline (Future),Innovative Energy Solutions for Government and Community Facilities for Climate Resilience,Community disaster hubs,,Energy,TBC,TBC,TBC,"GCF readiness, JICA","GCF readiness, JICA",1.5,2025,2030,Phase 1 (Near-term),Proposed,Unspecified,Energy & fuel security,,,
R348,RONAdapt II Pipeline (Future),Innovative Energy Solutions for Government and Community Facilities for Climate Resilience,Initial training & O&M skills,,Energy,TBC,TBC,TBC,"IRENA, SPC","IRENA, SPC",0.2,2025,2030,Phase 1 (Near-term),Proposed,Unspecified,Energy & fuel security,,,
R349,RONAdapt II Pipeline (Future),Innovative Energy Solutions for Government and Community Facilities for Climate Resilience,Monitoring & awareness,,Energy,TBC,TBC,TBC,"Government, EU","Government, EU",0.1,2025,2030,Phase 1 (Near-term),Proposed,Unspecified,Energy & fuel security,,,
R350,RONAdapt II Pipeline (Future),Innovative Energy Solutions for Government and Community Facilities for Climate Resilience,Phase 1 contingency,,Energy,TBC,TBC,TBC,Mixed,Mixed,0.25,2025,2030,Phase 1 (Near-term),Proposed,Unspecified,Energy & fuel security,,,
R351,RONAdapt II Pipeline (Future),Innovative Energy Solutions for Government and Community Facilities for Climate Resilience,Expanded solarisation,,Energy,TBC,TBC,TBC,"DFAT, MFAT, EU","DFAT, MFAT, EU",2.0,2027,2035,Phase 2 (Medium-term),Proposed,Unspecified,Energy & fuel security,,,
R352,RONAdapt II Pipeline (Future),Innovative Energy Solutions for Government and Community Facilities for Climate Resilience,Grid integration protocols,,Energy,TBC,TBC,TBC,"ADB, World Bank","ADB, World Bank",0.2,2027,2035,Phase 2 (Medium-term),Proposed,Unspecified,Energy & fuel security,,,
R353,RONAdapt II Pipeline (Future),Innovative Energy Solutions for Government and Community Facilities for Climate Resilience,Technician certification programme,,Energy,TBC,TBC,TBC,"IRENA, SPC","IRENA, SPC",0.2,2027,2035,Phase 2 (Medium-term),Proposed,Unspecified,Energy & fuel security,,,
R354,RONAdapt II Pipeline (Future),Innovative Energy Solutions for Government and Community Facilities for Climate Resilience,Awareness campaigns & community engagement,,Energy,TBC,TBC,TBC,"NGOs, Government","NGOs, Government",0.1,2027,2035,Phase 2 (Medium-term),Proposed,Unspecified,Energy & fuel security,,,
R355,RONAdapt II Pipeline (Future),Innovative Energy Solutions for Government and Community Facilities for Climate Resilience,Phase 2 contingency,,Energy,TBC,TBC,TBC,Mixed,Mixed,0.17,2027,2035,Phase 2 (Medium-term),Proposed,Unspecified,Energy & fuel security,,,
R356,RONAdapt II Pipeline (Future),Innovative Energy Solutions for Government and Community Facilities for Climate Resilience,Renewable Energy Resilience Fund set-up,,Energy,TBC,TBC,TBC,"GCF, AF, DFAT","GCF, AF, DFAT",0.4,2035,2040,Phase 3 (Long-term),Proposed,Unspecified,Energy & fuel security,,,
R357,RONAdapt II Pipeline (Future),Innovative Energy Solutions for Government and Community Facilities for Climate Resilience,Integration into building codes,,Energy,TBC,TBC,TBC,"Government, SPC","Government, SPC",0.2,2035,2040,Phase 3 (Long-term),Proposed,Unspecified,Energy & fuel security,,,
R358,RONAdapt II Pipeline (Future),Innovative Energy Solutions for Government and Community Facilities for Climate Resilience,Public-private partnership pilots,,Energy,TBC,TBC,TBC,"JICA, MFAT","JICA, MFAT",0.2,2035,2040,Phase 3 (Long-term),Proposed,Unspecified,Energy & fuel security,,,
R359,RONAdapt II Pipeline (Future),Innovative Energy Solutions for Government and Community Facilities for Climate Resilience,Regional exchange & training,,Energy,TBC,TBC,TBC,"SPC, IRENA","SPC, IRENA",0.1,2035,2040,Phase 3 (Long-term),Proposed,Unspecified,Energy & fuel security,,,
R360,RONAdapt II Pipeline (Future),Innovative Energy Solutions for Government and Community Facilities for Climate Resilience,Phase 3 contingency,,Energy,TBC,TBC,TBC,Mixed,Mixed,0.09,2035,2040,Phase 3 (Long-term),Proposed,Unspecified,Energy & fuel security,,,
R361,RONAdapt II Pipeline (Future),Climate Resilient Household Water Systems,150–200 household systems,,Water & Sanitation,TBC,TBC,TBC,"GCF, DFAT, JICA","GCF, DFAT, JICA",1.8,2025,2030,Phase 1 (Near-term),Proposed,Unspecified,Drought & water security,,,
R362,RONAdapt II Pipeline (Future),Climate Resilient Household Water Systems,Household training & awareness,,Water & Sanitation,TBC,TBC,TBC,"GEF SGP, SPREP","GEF SGP, SPREP",0.15,2025,2030,Phase 1 (Near-term),Proposed,Unspecified,Drought & water security,,,
R363,RONAdapt II Pipeline (Future),Climate Resilient Household Water Systems,Installation & local contractor engagement,,Water & Sanitation,TBC,TBC,TBC,"DFAT, MFAT","DFAT, MFAT",0.2,2025,2030,Phase 1 (Near-term),Proposed,Unspecified,Drought & water security,,,
R364,RONAdapt II Pipeline (Future),Climate Resilient Household Water Systems,Monitoring & audits,,Water & Sanitation,TBC,TBC,TBC,"Government, EU","Government, EU",0.1,2025,2030,Phase 1 (Near-term),Proposed,Unspecified,Drought & water security,,,
R365,RONAdapt II Pipeline (Future),Climate Resilient Household Water Systems,Phase 1 contingency,,Water & Sanitation,TBC,TBC,TBC,Mixed,Mixed,0.225,2025,2030,Phase 1 (Near-term),Proposed,Unspecified,Drought & water security,,,
R366,RONAdapt II Pipeline (Future),Climate Resilient Household Water Systems,100–120 additional household systems,,Water & Sanitation,TBC,TBC,TBC,"GCF, PRIF","GCF, PRIF",1.0,2027,2035,Phase 2 (Medium-term),Proposed,Unspecified,Drought & water security,,,
R367,RONAdapt II Pipeline (Future),Climate Resilient Household Water Systems,Supply chain strengthening & contractor workshops,,Water & Sanitation,TBC,TBC,TBC,"JICA, SPC","JICA, SPC",0.2,2027,2035,Phase 2 (Medium-term),Proposed,Unspecified,Drought & water security,,,
R368,RONAdapt II Pipeline (Future),Climate Resilient Household Water Systems,Household awareness campaigns,,Water & Sanitation,TBC,TBC,TBC,"NGOs, Government","NGOs, Government",0.1,2027,2035,Phase 2 (Medium-term),Proposed,Unspecified,Drought & water security,,,
R369,RONAdapt II Pipeline (Future),Climate Resilient Household Water Systems,Monitoring & evaluation,,Water & Sanitation,TBC,TBC,TBC,"Government, EU","Government, EU",0.1,2027,2035,Phase 2 (Medium-term),Proposed,Unspecified,Drought & water security,,,
R370,RONAdapt II Pipeline (Future),Climate Resilient Household Water Systems,Phase 2 contingency,,Water & Sanitation,TBC,TBC,TBC,Mixed,Mixed,0.14,2027,2035,Phase 2 (Medium-term),Proposed,Unspecified,Drought & water security,,,
R371,RONAdapt II Pipeline (Future),Climate Resilient Household Water Systems,Final 50–80 household systems,,Water & Sanitation,TBC,TBC,TBC,"GCF, Government","GCF, Government",0.4,2035,2040,Phase 3 (Long-term),Proposed,Unspecified,Drought & water security,,,
R372,RONAdapt II Pipeline (Future),Climate Resilient Household Water Systems,Policy mainstreaming & WASH integration,,Water & Sanitation,TBC,TBC,TBC,"UNDP, EU","UNDP, EU",0.1,2035,2040,Phase 3 (Long-term),Proposed,Unspecified,Drought & water security,,,
R373,RONAdapt II Pipeline (Future),Climate Resilient Household Water Systems,Maintenance & parts framework,,Water & Sanitation,TBC,TBC,TBC,"Government, NGOs","Government, NGOs",0.1,2035,2040,Phase 3 (Long-term),Proposed,Unspecified,Drought & water security,,,
R374,RONAdapt II Pipeline (Future),Climate Resilient Household Water Systems,Phase 3 contingency,,Water & Sanitation,TBC,TBC,TBC,Mixed,Mixed,0.06,2035,2040,Phase 3 (Long-term),Proposed,Unspecified,Drought & water security,,,
R375,RONAdapt II Pipeline (Future),Nauru Higher Ground Initiative for Enhanced Climate Resilience,Mobilisation and Establishment,,Housing & Community,TBC,TBC,TBC,"ADB, World Bank, DFAT","ADB, World Bank, DFAT",5.0,2025,2030,Phase 1 (Near-term),Proposed,Unspecified,Coastal erosion & sea-level rise,,,
R376,RONAdapt II Pipeline (Future),Nauru Higher Ground Initiative for Enhanced Climate Resilience,Earthworks and Remediation,,Housing & Community,TBC,TBC,TBC,"ADB, World Bank, DFAT","ADB, World Bank, DFAT",10.0,2025,2030,Phase 1 (Near-term),Proposed,Unspecified,Coastal erosion & sea-level rise,,,
R377,RONAdapt II Pipeline (Future),Nauru Higher Ground Initiative for Enhanced Climate Resilience,Roads & supporting infrastructure,,Housing & Community,TBC,TBC,TBC,"ADB, DFAT, JICA","ADB, DFAT, JICA",8.0,2025,2030,Phase 1 (Near-term),Proposed,Unspecified,Coastal erosion & sea-level rise,,,
R378,RONAdapt II Pipeline (Future),Nauru Higher Ground Initiative for Enhanced Climate Resilience,Initial housing & civic buildings,,Housing & Community,TBC,TBC,TBC,"DFAT, MFAT, ADB","DFAT, MFAT, ADB",6.5,2025,2030,Phase 1 (Near-term),Proposed,Unspecified,Coastal erosion & sea-level rise,,,
R379,RONAdapt II Pipeline (Future),Nauru Higher Ground Initiative for Enhanced Climate Resilience,Essential Service Systems,,Housing & Community,TBC,TBC,TBC,"ADB, JICA, EU","ADB, JICA, EU",5.0,2025,2030,Phase 1 (Near-term),Proposed,Unspecified,Coastal erosion & sea-level rise,,,
R380,RONAdapt II Pipeline (Future),Nauru Higher Ground Initiative for Enhanced Climate Resilience,Renewable Energy Systems,,Housing & Community,TBC,TBC,TBC,"JICA, EU, RPC/Private Sector","JICA, EU, RPC/Private Sector",3.0,2025,2030,Phase 1 (Near-term),Proposed,Unspecified,Coastal erosion & sea-level rise,,,
R381,RONAdapt II Pipeline (Future),Nauru Higher Ground Initiative for Enhanced Climate Resilience,Pilot Food and Water Security Systems,,Housing & Community,TBC,TBC,TBC,"FAO, IFAD, SPC","FAO, IFAD, SPC",1.5,2025,2030,Phase 1 (Near-term),Proposed,Unspecified,Coastal erosion & sea-level rise,,,
R382,RONAdapt II Pipeline (Future),Nauru Higher Ground Initiative for Enhanced Climate Resilience,"Planning, stakeholder engagement, safeguards",,Housing & Community,TBC,TBC,TBC,"UNDP, SPC, SPREP, DFAT","UNDP, SPC, SPREP, DFAT",3.03,2025,2030,Phase 1 (Near-term),Proposed,Unspecified,Coastal erosion & sea-level rise,,,
R383,RONAdapt II Pipeline (Future),Nauru Higher Ground Initiative for Enhanced Climate Resilience,Capacity building (initial),,Housing & Community,TBC,TBC,TBC,"UNDP, DFAT, SPC","UNDP, DFAT, SPC",0.5,2025,2030,Phase 1 (Near-term),Proposed,Unspecified,Coastal erosion & sea-level rise,,,
R384,RONAdapt II Pipeline (Future),Nauru Higher Ground Initiative for Enhanced Climate Resilience,Expansion of housing & civic buildings,,Housing & Community,TBC,TBC,TBC,"DFAT, MFAT, ADB","DFAT, MFAT, ADB",6.5,2027,2035,Phase 2 (Medium-term),Proposed,Unspecified,Coastal erosion & sea-level rise,,,
R385,RONAdapt II Pipeline (Future),Nauru Higher Ground Initiative for Enhanced Climate Resilience,Permanent water & wastewater systems,,Housing & Community,TBC,TBC,TBC,"ADB, EU, JICA","ADB, EU, JICA",4.5,2027,2035,Phase 2 (Medium-term),Proposed,Unspecified,Coastal erosion & sea-level rise,,,
R386,RONAdapt II Pipeline (Future),Nauru Higher Ground Initiative for Enhanced Climate Resilience,Solid waste management & recycling,,Housing & Community,TBC,TBC,TBC,"ADB, SPREP, EU","ADB, SPREP, EU",3.0,2027,2035,Phase 2 (Medium-term),Proposed,Unspecified,Coastal erosion & sea-level rise,,,
R387,RONAdapt II Pipeline (Future),Nauru Higher Ground Initiative for Enhanced Climate Resilience,Scaling renewable energy,,Housing & Community,TBC,TBC,TBC,"JICA, EU, PRC","JICA, EU, PRC",4.5,2027,2035,Phase 2 (Medium-term),Proposed,Unspecified,Coastal erosion & sea-level rise,,,
R388,RONAdapt II Pipeline (Future),Nauru Higher Ground Initiative for Enhanced Climate Resilience,Communications infrastructure,,Housing & Community,TBC,TBC,TBC,"Telecom/ICT donors, DFAT, World Bank","Telecom/ICT donors, DFAT, World Bank",4.0,2027,2035,Phase 2 (Medium-term),Proposed,Unspecified,Coastal erosion & sea-level rise,,,
R389,RONAdapt II Pipeline (Future),Nauru Higher Ground Initiative for Enhanced Climate Resilience,Community aquaponics & greening,,Housing & Community,TBC,TBC,TBC,"FAO, IFAD, SPC","FAO, IFAD, SPC",2.02,2027,2035,Phase 2 (Medium-term),Proposed,Unspecified,Coastal erosion & sea-level rise,,,
R390,RONAdapt II Pipeline (Future),Nauru Higher Ground Initiative for Enhanced Climate Resilience,Governance & technical training,,Housing & Community,TBC,TBC,TBC,"UNDP, SPC, SPREP","UNDP, SPC, SPREP",1.0,2027,2035,Phase 2 (Medium-term),Proposed,Unspecified,Coastal erosion & sea-level rise,,,
R391,RONAdapt II Pipeline (Future),Nauru Higher Ground Initiative for Enhanced Climate Resilience,Completion of Housing and Civil Facilities,,Housing & Community,TBC,TBC,TBC,"MFAT, ADB, DFAT","MFAT, ADB, DFAT",4.5,2035,2040,Phase 3 (Long-term),Proposed,Unspecified,Coastal erosion & sea-level rise,,,
R392,RONAdapt II Pipeline (Future),Nauru Higher Ground Initiative for Enhanced Climate Resilience,Finalisation of integrated water/wastewater/stormwater systems,,Housing & Community,TBC,TBC,TBC,"ADB, EU, JICA","ADB, EU, JICA",3.0,2035,2040,Phase 3 (Long-term),Proposed,Unspecified,Coastal erosion & sea-level rise,,,
R393,RONAdapt II Pipeline (Future),Nauru Higher Ground Initiative for Enhanced Climate Resilience,Consolidation of solid waste and recycling facilities,,Housing & Community,TBC,TBC,TBC,"ADB, EU, SPREP","ADB, EU, SPREP",2.0,2035,2040,Phase 3 (Long-term),Proposed,Unspecified,Coastal erosion & sea-level rise,,,
R394,RONAdapt II Pipeline (Future),Nauru Higher Ground Initiative for Enhanced Climate Resilience,Full renewable energy coverage,,Housing & Community,TBC,TBC,TBC,"JICA, EU, RPC/Private","JICA, EU, RPC/Private",3.5,2035,2040,Phase 3 (Long-term),Proposed,Unspecified,Coastal erosion & sea-level rise,,,
R395,RONAdapt II Pipeline (Future),Nauru Higher Ground Initiative for Enhanced Climate Resilience,Institutionalisation of governance and safeguards frameworks,,Housing & Community,TBC,TBC,TBC,"UNDP, SPC, SPREP","UNDP, SPC, SPREP",1.5,2035,2040,Phase 3 (Long-term),Proposed,Unspecified,Coastal erosion & sea-level rise,,,
R396,RONAdapt II Pipeline (Future),Nauru Higher Ground Initiative for Enhanced Climate Resilience,"Long-term monitoring, evaluation and knowledge sharing",,Housing & Community,TBC,TBC,TBC,"UNDP, SPC, SPREP","UNDP, SPC, SPREP",1.5,2035,2040,Phase 3 (Long-term),Proposed,Unspecified,Coastal erosion & sea-level rise,,,
R397,RONAdapt II Pipeline (Future),Nauru Higher Ground Initiative for Enhanced Climate Resilience,Livelihood diversification and community resilience,,Housing & Community,TBC,TBC,TBC,"FAO, IFAD, Bilateral Donors","FAO, IFAD, Bilateral Donors",1.01,2035,2040,Phase 3 (Long-term),Proposed,Unspecified,Coastal erosion & sea-level rise,,,
